SEASON_ID,Player_ID,Game_ID,GAME_DATE,MATCHUP,WL,MIN,FGM,FGA,FG_PCT,FG3M,FG3A,FG3_PCT,FTM,FTA,FT_PCT,OREB,DREB,REB,AST,STL,BLK,TOV,PF,PTS,PLUS_MINUS,VIDEO_AVAILABLE,FANTASY_PTS,PLAYER_NAME
22025,203999,0022501197,"Apr 12, 2026",DEN @ SAS,W,18,7,12,0.583,1,2,0.5,8,8,1.0,4,4,8,1,0,1,0,1,23,6,1,37.1,Nikola Jokic
22025,203999,0022501162,"Apr 08, 2026",DEN vs. MEM,W,31,5,8,0.625,0,1,0.0,4,5,0.8,4,12,16,10,2,0,2,0,14,24,1,52.2,Nikola Jokic
22025,203999,0022501147,"Apr 06, 2026",DEN vs. POR,W,43,15,31,0.484,1,5,0.2,4,4,1.0,7,7,14,13,5,2,6,2,35,5,1,86.3,Nikola Jokic
22025,203999,0022501130,"Apr 04, 2026",DEN vs. SAS,W,44,13,25,0.52,1,5,0.2,13,15,0.867,1,7,8,13,0,3,0,4,40,12,1,78.1,Nikola Jokic
22025,203999,0022501112,"Apr 01, 2026",DEN @ UTA,W,33,5,10,0.5,0,1,0.0,5,7,0.714,0,17,17,12,0,0,5,1,15,10,1,48.4,Nikola Jokic
22025,203999,0022501090,"Mar 29, 2026",DEN vs. GSW,W,36,10,20,0.5,4,8,0.5,1,1,1.0,3,12,15,8,1,0,2,3,25,16,1,56.0,Nikola Jokic
22025,203999,0022501072,"Mar 27, 2026",DEN vs. UTA,W,39,13,16,0.813,2,2,1.0,5,8,0.625,4,11,15,12,1,0,7,0,33,13,1,65.0,Nikola Jokic
22025,203999,0022501059,"Mar 25, 2026",DEN vs. DAL,W,38,8,19,0.421,1,5,0.2,6,6,1.0,2,19,21,19,1,0,1,5,23,10,1,78.7,Nikola Jokic
22025,203999,0022501050,"Mar 24, 2026",DEN @ PHX,W,35,9,16,0.563,0,1,0.0,5,7,0.714,3,14,17,17,0,0,2,3,23,-5,1,66.9,Nikola Jokic
22025,203999,0022501032,"Mar 22, 2026",DEN vs. POR,W,35,10,18,0.556,2,8,0.25,0,0,0.0,3,11,14,14,2,1,5,3,22,19,1,63.8,Nikola Jokic
22025,203999,0022501021,"Mar 20, 2026",DEN vs. TOR,W,37,9,14,0.643,1,2,0.5,3,5,0.6,2,6,8,9,1,1,2,5,22,-2,1,49.1,Nikola Jokic
22025,203999,0022500651,"Mar 18, 2026",DEN @ MEM,L,39,11,19,0.579,2,4,0.5,5,8,0.625,2,12,14,9,1,3,10,4,29,-4,1,61.3,Nikola Jokic
22025,203999,0022500997,"Mar 17, 2026",DEN vs. PHI,W,25,4,7,0.571,0,1,0.0,0,0,0.0,0,7,7,14,0,0,5,4,8,14,1,32.4,Nikola Jokic
22025,203999,0022500974,"Mar 14, 2026",DEN @ LAL,L,43,10,19,0.526,2,6,0.333,2,2,1.0,2,14,16,14,5,1,4,2,24,6,1,78.2,Nikola Jokic
22025,203999,0022500958,"Mar 12, 2026",DEN @ SAS,W,39,9,17,0.529,2,6,0.333,11,11,1.0,3,17,20,12,3,2,3,3,31,8,1,85.0,Nikola Jokic
22025,203999,0022500950,"Mar 11, 2026",DEN vs. HOU,W,30,6,12,0.5,0,2,0.0,4,5,0.8,4,8,12,13,5,1,5,2,16,27,1,62.900000000000006,Nikola Jokic
22025,203999,0022500933,"Mar 09, 2026",DEN @ OKC,L,40,12,19,0.632,3,6,0.5,5,6,0.833,1,13,14,13,0,1,3,0,32,2,1,68.3,Nikola Jokic
22025,203999,0022500911,"Mar 06, 2026",DEN vs. NYK,L,31,14,21,0.667,1,7,0.143,9,10,0.9,1,7,8,5,2,0,3,1,38,-18,1,58.1,Nikola Jokic
22025,203999,0022500906,"Mar 05, 2026",DEN vs. LAL,W,38,10,15,0.667,0,1,0.0,8,8,1.0,3,9,12,13,1,1,9,4,28,6,1,58.900000000000006,Nikola Jokic
22025,203999,0022500881,"Mar 02, 2026",DEN @ UTA,W,36,6,11,0.545,0,0,0.0,10,11,0.909,2,10,12,5,0,2,3,5,22,2,1,46.9,Nikola Jokic
22025,203999,0022500871,"Mar 01, 2026",DEN vs. MIN,L,37,15,26,0.577,1,4,0.25,4,6,0.667,5,8,13,9,1,2,5,1,35,4,1,68.1,Nikola Jokic
22025,203999,0022500862,"Feb 27, 2026",DEN @ OKC,L,45,9,25,0.36,2,10,0.2,3,5,0.6,2,15,17,14,1,0,3,3,23,15,1,64.4,Nikola Jokic
22025,203999,0022500847,"Feb 25, 2026",DEN vs. BOS,W,33,11,28,0.393,4,13,0.308,4,7,0.571,3,9,12,6,0,0,1,2,30,13,1,52.4,Nikola Jokic
22025,203999,0022500820,"Feb 22, 2026",DEN @ GSW,L,36,11,21,0.524,3,4,0.75,10,11,0.909,6,14,20,12,3,2,5,1,35,-6,1,87.0,Nikola Jokic
22025,203999,0022500810,"Feb 20, 2026",DEN @ POR,W,29,10,15,0.667,3,4,0.75,9,11,0.818,1,8,9,7,4,0,2,4,32,40,1,63.3,Nikola Jokic
22025,203999,0022500801,"Feb 19, 2026",DEN @ LAC,L,36,9,22,0.409,0,6,0.0,4,7,0.571,2,15,17,6,0,0,6,5,22,-6,1,45.4,Nikola Jokic
22025,203999,0022500787,"Feb 11, 2026",DEN vs. MEM,W,34,8,17,0.471,0,0,0.0,10,14,0.714,5,10,15,11,0,0,9,2,26,8,1,51.5,Nikola Jokic
22025,203999,0022500767,"Feb 09, 2026",DEN vs. CLE,L,33,6,11,0.545,0,2,0.0,10,12,0.833,2,12,14,11,2,1,7,0,22,-2,1,57.3,Nikola Jokic
22025,203999,0022500752,"Feb 07, 2026",DEN @ CHI,W,33,7,12,0.583,2,2,1.0,6,6,1.0,3,11,14,17,1,4,3,2,22,36,1,76.3,Nikola Jokic
22025,203999,0022500726,"Feb 04, 2026",DEN @ NYK,L,45,10,27,0.37,1,13,0.077,9,12,0.75,7,7,14,10,0,0,0,4,30,3,1,61.8,Nikola Jokic
22025,203999,0022500716,"Feb 03, 2026",DEN @ DET,L,33,9,19,0.474,3,5,0.6,3,3,1.0,4,11,15,4,2,1,5,3,24,-9,1,52.0,Nikola Jokic
22025,203999,0022500711,"Feb 01, 2026",DEN vs. OKC,L,29,6,9,0.667,1,2,0.5,3,4,0.75,2,5,7,8,1,0,6,2,16,-7,1,33.4,Nikola Jokic
22025,203999,0022500695,"Jan 30, 2026",DEN vs. LAC,W,25,8,11,0.727,2,3,0.667,13,17,0.765,2,10,12,5,3,0,1,3,31,11,1,60.9,Nikola Jokic
22025,203999,0022500450,"Dec 29, 2025",DEN @ MIA,L,19,9,14,0.643,1,4,0.25,2,3,0.667,2,3,5,8,0,0,2,1,21,-1,1,37.0,Nikola Jokic
22025,203999,0022500433,"Dec 27, 2025",DEN @ ORL,L,38,11,22,0.5,0,0,0.0,12,13,0.923,7,14,21,12,1,0,4,1,34,16,1,76.2,Nikola Jokic
22025,203999,0022500013,"Dec 25, 2025",DEN vs. MIN,W,43,15,21,0.714,4,6,0.667,22,23,0.957,5,11,16,15,0,2,5,2,56,15,1,98.7,Nikola Jokic
22025,203999,0022500415,"Dec 23, 2025",DEN @ DAL,L,36,12,22,0.545,5,10,0.5,0,0,0.0,3,4,7,14,4,0,4,4,29,2,1,66.4,Nikola Jokic
22025,203999,0022500405,"Dec 22, 2025",DEN vs. UTA,W,29,5,7,0.714,1,1,1.0,3,4,0.75,2,11,13,13,2,3,2,2,14,22,1,62.099999999999994,Nikola Jokic
22025,203999,0022500386,"Dec 20, 2025",DEN vs. HOU,L,29,9,20,0.45,1,4,0.25,6,7,0.857,2,5,7,5,0,0,5,5,25,-20,1,35.9,Nikola Jokic
22025,203999,0022500377,"Dec 18, 2025",DEN vs. ORL,W,38,10,17,0.588,0,2,0.0,3,4,0.75,1,10,11,13,2,0,6,1,23,20,1,55.7,Nikola Jokic
22025,203999,0022501225,"Dec 15, 2025",DEN vs. HOU,W,42,13,27,0.481,5,9,0.556,8,11,0.727,4,11,15,10,2,1,4,6,39,1,1,77.0,Nikola Jokic
22025,203999,0022501208,"Dec 11, 2025",DEN @ SAC,W,29,14,16,0.875,2,2,1.0,6,8,0.75,2,10,12,8,2,0,1,3,36,26,1,67.4,Nikola Jokic
22025,203999,0022500359,"Dec 07, 2025",DEN @ CHA,W,35,11,16,0.688,4,8,0.5,2,3,0.667,0,9,9,11,1,0,4,2,28,6,1,54.3,Nikola Jokic
22025,203999,0022500340,"Dec 05, 2025",DEN @ ATL,W,36,13,26,0.5,1,8,0.125,13,15,0.867,3,6,9,8,1,1,2,1,40,-15,1,66.8,Nikola Jokic
22025,203999,0022500325,"Dec 03, 2025",DEN @ IND,W,35,9,17,0.529,1,4,0.25,5,5,1.0,1,7,8,13,0,1,4,2,24,26,1,52.1,Nikola Jokic
22025,203999,0022500315,"Dec 01, 2025",DEN vs. DAL,L,37,10,24,0.417,3,10,0.3,6,7,0.857,4,16,20,13,1,2,2,2,29,-1,1,79.5,Nikola Jokic
22025,203999,0022500299,"Nov 29, 2025",DEN @ PHX,W,31,7,7,1.0,2,2,1.0,10,11,0.909,3,6,9,10,0,0,5,1,26,16,1,46.8,Nikola Jokic
22025,203999,0022500076,"Nov 28, 2025",DEN vs. SAS,L,36,7,10,0.7,1,1,1.0,6,8,0.75,2,7,9,10,1,1,4,5,21,-6,1,48.8,Nikola Jokic
22025,203999,0022500287,"Nov 24, 2025",DEN @ MEM,W,34,5,9,0.556,3,4,0.75,4,5,0.8,1,9,10,16,2,0,3,1,17,1,1,56.0,Nikola Jokic
22025,203999,0022500274,"Nov 22, 2025",DEN vs. SAC,L,37,16,28,0.571,3,6,0.5,9,10,0.9,7,6,13,7,0,0,2,4,44,2,1,68.1,Nikola Jokic
22025,203999,0022500054,"Nov 21, 2025",DEN @ HOU,W,39,11,20,0.55,4,8,0.5,8,10,0.8,4,6,10,9,2,2,4,5,34,4,1,67.5,Nikola Jokic
22025,203999,0022500260,"Nov 19, 2025",DEN @ NOP,W,34,10,18,0.556,2,4,0.5,6,7,0.857,4,7,11,12,0,0,9,6,28,9,1,50.2,Nikola Jokic
22025,203999,0022500248,"Nov 17, 2025",DEN vs. CHI,L,39,13,27,0.481,1,7,0.143,9,12,0.75,4,14,18,13,1,2,2,2,36,10,1,84.1,Nikola Jokic
22025,203999,0022500232,"Nov 15, 2025",DEN @ MIN,W,37,8,15,0.533,3,6,0.5,8,8,1.0,3,9,12,11,2,1,6,4,27,3,1,60.900000000000006,Nikola Jokic
22025,203999,0022500224,"Nov 12, 2025",DEN @ LAC,W,34,18,23,0.783,5,6,0.833,14,16,0.875,2,10,12,6,1,1,2,1,55,28,1,82.4,Nikola Jokic
22025,203999,0022500212,"Nov 11, 2025",DEN @ SAC,W,33,16,19,0.842,1,2,0.5,2,3,0.667,5,10,15,7,2,0,3,3,35,11,1,66.5,Nikola Jokic
22025,203999,0022500189,"Nov 08, 2025",DEN vs. IND,W,32,10,14,0.714,1,1,1.0,11,12,0.917,5,9,14,14,1,0,8,4,32,9,1,64.8,Nikola Jokic
22025,203999,0022500037,"Nov 07, 2025",DEN vs. GSW,W,28,12,15,0.8,2,3,0.667,0,0,0.0,2,7,9,9,0,1,1,2,26,16,1,52.3,Nikola Jokic
22025,203999,0022500178,"Nov 05, 2025",DEN vs. MIA,W,37,12,18,0.667,2,5,0.4,7,8,0.875,5,10,15,16,3,0,3,1,33,18,1,81.0,Nikola Jokic
22025,203999,0022500162,"Nov 03, 2025",DEN vs. SAC,W,36,14,22,0.636,4,10,0.4,2,3,0.667,2,5,7,14,4,2,1,3,34,18,1,80.4,Nikola Jokic
22025,203999,0022500026,"Oct 31, 2025",DEN @ POR,L,37,7,10,0.7,2,3,0.667,5,7,0.714,2,12,14,9,1,2,3,1,21,9,1,57.3,Nikola Jokic
22025,203999,0022500134,"Oct 29, 2025",DEN vs. NOP,W,28,10,15,0.667,1,2,0.5,0,0,0.0,2,10,12,10,2,0,2,4,21,25,1,54.4,Nikola Jokic
22025,203999,0022500008,"Oct 27, 2025",DEN @ MIN,W,36,9,10,0.9,0,0,0.0,7,7,1.0,6,13,19,10,2,1,3,4,25,17,1,68.8,Nikola Jokic
22025,203999,0022500104,"Oct 25, 2025",DEN vs. PHX,W,32,5,8,0.625,0,3,0.0,4,4,1.0,1,13,14,15,3,0,5,3,14,27,1,57.3,Nikola Jokic
22025,203999,0022500006,"Oct 23, 2025",DEN @ GSW,L,41,8,23,0.348,2,13,0.154,3,4,0.75,1,12,13,10,1,1,2,3,21,-10,1,55.6,Nikola Jokic
22025,1629029,9922501038,"Jun 22, 2026",LAL @ DET,,39,11,29,0.379,3,13,0.231,7,8,0.875,1,6,7,6,3,0,3,1,32,7,0,55.4,Luka Doncic
22025,1628983,0022501163,"Apr 08, 2026",OKC @ LAC,W,30,9,17,0.529,2,6,0.333,0,1,0.0,0,1,1,11,1,1,3,1,20,10,1,40.7,Shai Gilgeous-Alexander
22025,1628983,0022501155,"Apr 07, 2026",OKC @ LAL,W,28,10,15,0.667,2,2,1.0,3,3,1.0,1,0,1,8,2,0,3,2,25,32,1,41.2,Shai Gilgeous-Alexander
22025,1628983,0022501139,"Apr 05, 2026",OKC vs. UTA,W,24,7,10,0.7,2,3,0.667,4,5,0.8,0,4,4,7,1,0,3,0,20,26,1,35.3,Shai Gilgeous-Alexander
22025,1628983,0022501116,"Apr 02, 2026",OKC vs. LAL,W,30,12,25,0.48,1,4,0.25,3,3,1.0,2,5,7,7,0,0,1,2,28,35,1,45.9,Shai Gilgeous-Alexander
22025,1628983,0022501097,"Mar 30, 2026",OKC vs. DET,W,41,12,19,0.632,2,3,0.667,21,25,0.84,2,3,5,3,2,0,4,4,47,8,1,59.5,Shai Gilgeous-Alexander
22025,1628983,0022501089,"Mar 29, 2026",OKC vs. NYK,W,37,8,18,0.444,1,3,0.333,13,16,0.813,1,2,3,4,1,0,4,2,30,13,1,38.6,Shai Gilgeous-Alexander
22025,1628983,0022501070,"Mar 27, 2026",OKC vs. CHI,W,29,8,24,0.333,0,10,0.0,9,12,0.75,0,2,2,5,0,3,1,1,25,10,1,42.9,Shai Gilgeous-Alexander
22025,1628983,0022501054,"Mar 25, 2026",OKC @ BOS,L,37,10,12,0.833,3,4,0.75,10,12,0.833,0,2,2,8,2,0,2,3,33,1,1,51.4,Shai Gilgeous-Alexander
22025,1628983,0022501040,"Mar 23, 2026",OKC @ PHI,W,29,9,13,0.692,1,4,0.25,3,3,1.0,0,5,5,5,1,2,5,2,22,13,1,39.5,Shai Gilgeous-Alexander
22025,1628983,0022501022,"Mar 21, 2026",OKC @ WAS,W,32,17,27,0.63,1,2,0.5,5,8,0.625,1,2,3,7,1,0,3,3,40,11,1,54.1,Shai Gilgeous-Alexander
22025,1628983,0022501000,"Mar 18, 2026",OKC @ BKN,W,26,8,9,0.889,0,0,0.0,4,5,0.8,1,2,3,6,3,0,0,2,20,27,1,41.6,Shai Gilgeous-Alexander
22025,1628983,0022500992,"Mar 17, 2026",OKC @ ORL,W,36,14,27,0.519,3,5,0.6,9,11,0.818,0,5,5,2,4,0,3,2,40,-4,1,58.0,Shai Gilgeous-Alexander
22025,1628983,0022500976,"Mar 15, 2026",OKC vs. MIN,W,33,7,22,0.318,2,4,0.5,4,5,0.8,1,2,3,10,2,1,1,3,20,3,1,46.6,Shai Gilgeous-Alexander
22025,1628983,0022500959,"Mar 12, 2026",OKC vs. BOS,W,39,13,18,0.722,2,5,0.4,7,8,0.875,1,5,6,9,2,3,4,2,35,14,1,66.7,Shai Gilgeous-Alexander
22025,1628983,0022500933,"Mar 09, 2026",OKC vs. DEN,W,39,14,21,0.667,3,7,0.429,4,4,1.0,1,8,9,15,1,1,0,3,35,2,1,74.3,Shai Gilgeous-Alexander
22025,1628983,0022500920,"Mar 07, 2026",OKC vs. GSW,W,35,6,15,0.4,1,4,0.25,14,15,0.933,0,5,5,5,1,1,4,1,27,3,1,42.5,Shai Gilgeous-Alexander
22025,1628983,0022500893,"Mar 04, 2026",OKC @ NYK,W,35,9,16,0.563,1,1,1.0,7,7,1.0,0,3,3,8,1,0,3,3,26,6,1,41.6,Shai Gilgeous-Alexander
22025,1628983,0022500876,"Mar 01, 2026",OKC @ DAL,W,33,12,20,0.6,1,5,0.2,5,6,0.833,0,4,4,5,4,0,3,2,30,13,1,51.3,Shai Gilgeous-Alexander
22025,1628983,0022500862,"Feb 27, 2026",OKC vs. DEN,W,34,12,29,0.414,0,3,0.0,12,13,0.923,0,3,3,9,2,2,1,0,36,16,1,64.1,Shai Gilgeous-Alexander
22025,1628983,0022500723,"Feb 03, 2026",OKC vs. ORL,W,28,8,22,0.364,1,3,0.333,3,4,0.75,3,2,5,9,2,0,3,2,20,23,1,42.5,Shai Gilgeous-Alexander
22025,1628983,0022500711,"Feb 01, 2026",OKC @ DEN,W,33,11,16,0.688,1,2,0.5,11,13,0.846,1,4,5,13,2,1,4,2,34,22,1,64.5,Shai Gilgeous-Alexander
22025,1628983,0022500686,"Jan 29, 2026",OKC @ MIN,L,31,12,18,0.667,1,2,0.5,5,5,1.0,0,6,6,8,1,0,5,3,30,-22,1,47.2,Shai Gilgeous-Alexander
22025,1628983,0022500667,"Jan 27, 2026",OKC vs. NOP,W,36,8,22,0.364,0,3,0.0,13,14,0.929,1,5,6,4,0,0,3,3,29,14,1,39.2,Shai Gilgeous-Alexander
22025,1628983,0022500653,"Jan 25, 2026",OKC vs. TOR,L,35,8,11,0.727,0,1,0.0,8,10,0.8,0,3,3,6,1,2,2,2,24,-3,1,43.6,Shai Gilgeous-Alexander
22025,1628983,0022500641,"Jan 23, 2026",OKC vs. IND,L,35,17,28,0.607,1,4,0.25,12,12,1.0,1,3,4,4,1,1,1,2,47,4,1,62.8,Shai Gilgeous-Alexander
22025,1628983,0022500625,"Jan 21, 2026",OKC @ MIL,W,33,16,19,0.842,2,2,1.0,6,7,0.857,2,5,7,11,1,0,2,0,40,19,1,65.9,Shai Gilgeous-Alexander
22025,1628983,0022500015,"Jan 19, 2026",OKC @ CLE,W,34,12,20,0.6,1,4,0.25,5,5,1.0,0,1,1,3,1,2,0,2,30,17,1,44.7,Shai Gilgeous-Alexander
22025,1628983,0022500597,"Jan 17, 2026",OKC @ MIA,L,36,12,19,0.632,2,3,0.667,13,13,1.0,2,2,4,3,1,0,2,4,39,-1,1,49.3,Shai Gilgeous-Alexander
22025,1628983,0022500581,"Jan 15, 2026",OKC @ HOU,W,33,6,11,0.545,1,3,0.333,7,8,0.875,0,2,2,4,0,2,5,1,20,15,1,29.4,Shai Gilgeous-Alexander
22025,1628983,0022500568,"Jan 13, 2026",OKC vs. SAS,W,34,11,23,0.478,1,4,0.25,11,13,0.846,0,5,5,5,0,4,2,2,34,29,1,57.5,Shai Gilgeous-Alexander
22025,1628983,0022500553,"Jan 11, 2026",OKC vs. MIA,W,32,10,19,0.526,2,6,0.333,7,9,0.778,1,4,5,8,1,1,3,4,29,8,1,50.0,Shai Gilgeous-Alexander
22025,1628983,0022500525,"Jan 07, 2026",OKC vs. UTA,W,42,14,26,0.538,1,8,0.125,17,19,0.895,0,6,6,6,1,1,0,1,46,9,1,68.2,Shai Gilgeous-Alexander
22025,1628983,0022500506,"Jan 05, 2026",OKC vs. CHA,L,30,7,21,0.333,1,6,0.167,6,6,1.0,0,2,2,6,0,1,2,2,21,-20,1,33.4,Shai Gilgeous-Alexander
22025,1628983,0022500499,"Jan 04, 2026",OKC @ PHX,L,36,8,22,0.364,1,5,0.2,8,9,0.889,0,0,0,6,0,0,3,3,25,-5,1,31.0,Shai Gilgeous-Alexander
22025,1628983,0022500484,"Jan 02, 2026",OKC @ GSW,W,28,10,20,0.5,3,5,0.6,7,7,1.0,0,1,1,7,0,0,3,1,30,26,1,38.7,Shai Gilgeous-Alexander
22025,1628983,0022500470,"Dec 31, 2025",OKC vs. POR,W,29,11,15,0.733,1,2,0.5,7,7,1.0,0,2,2,6,4,0,0,3,30,22,1,53.4,Shai Gilgeous-Alexander
22025,1628983,0022500455,"Dec 29, 2025",OKC vs. ATL,W,36,15,24,0.625,2,5,0.4,7,7,1.0,1,5,6,6,2,0,3,1,39,16,1,58.2,Shai Gilgeous-Alexander
22025,1628983,0022500442,"Dec 28, 2025",OKC vs. PHI,W,29,10,13,0.769,0,2,0.0,7,9,0.778,0,2,2,5,2,0,1,0,27,19,1,41.9,Shai Gilgeous-Alexander
22025,1628983,0022500010,"Dec 25, 2025",OKC vs. SAS,L,36,7,19,0.368,1,6,0.167,7,8,0.875,1,5,6,4,1,0,0,2,22,-15,1,38.2,Shai Gilgeous-Alexander
22025,1628983,0022500417,"Dec 23, 2025",OKC @ SAS,L,35,14,22,0.636,1,4,0.25,4,5,0.8,1,2,3,8,0,0,2,2,33,-17,1,46.6,Shai Gilgeous-Alexander
22025,1628983,0022500406,"Dec 22, 2025",OKC vs. MEM,W,36,11,20,0.55,3,4,0.75,6,6,1.0,0,10,10,8,4,1,5,3,31,13,1,65.0,Shai Gilgeous-Alexander
22025,1628983,0022500385,"Dec 19, 2025",OKC @ MIN,L,37,12,26,0.462,3,7,0.429,8,8,1.0,0,5,5,7,2,2,3,3,35,5,1,60.5,Shai Gilgeous-Alexander
22025,1628983,0022500369,"Dec 18, 2025",OKC vs. LAC,W,29,13,24,0.542,2,6,0.333,4,6,0.667,2,5,7,6,2,2,1,3,32,10,1,60.4,Shai Gilgeous-Alexander
22025,1628983,0022501230,"Dec 13, 2025",OKC vs. SAS,L,37,12,23,0.522,1,7,0.143,4,4,1.0,0,4,4,5,0,1,5,4,29,2,1,39.3,Shai Gilgeous-Alexander
22025,1628983,0022501203,"Dec 10, 2025",OKC vs. PHX,W,27,11,15,0.733,3,4,0.75,3,3,1.0,0,2,2,8,2,1,4,0,28,43,1,47.4,Shai Gilgeous-Alexander
22025,1628983,0022500349,"Dec 05, 2025",OKC vs. DAL,W,29,10,12,0.833,2,2,1.0,11,12,0.917,0,5,5,6,0,1,2,4,33,24,1,49.0,Shai Gilgeous-Alexander
22025,1628983,0022500323,"Dec 02, 2025",OKC @ GSW,W,36,13,21,0.619,5,6,0.833,7,10,0.7,0,3,3,4,1,0,0,2,38,10,1,50.6,Shai Gilgeous-Alexander
22025,1628983,0022500305,"Nov 30, 2025",OKC @ POR,W,36,8,15,0.533,0,3,0.0,10,12,0.833,1,3,4,5,1,0,3,3,26,2,1,38.3,Shai Gilgeous-Alexander
22025,1628983,0022500075,"Nov 28, 2025",OKC vs. PHX,W,36,10,20,0.5,3,5,0.6,14,17,0.824,0,3,3,8,1,0,1,2,37,8,1,54.6,Shai Gilgeous-Alexander
22025,1628983,0022500064,"Nov 26, 2025",OKC vs. MIN,W,37,12,19,0.632,1,2,0.5,15,17,0.882,0,6,6,6,3,0,1,3,40,12,1,64.2,Shai Gilgeous-Alexander
22025,1628983,0022500280,"Nov 23, 2025",OKC vs. POR,W,30,13,18,0.722,2,3,0.667,9,9,1.0,2,3,5,7,2,0,1,3,37,27,1,58.5,Shai Gilgeous-Alexander
22025,1628983,0022500055,"Nov 21, 2025",OKC @ UTA,W,30,9,14,0.643,3,3,1.0,10,12,0.833,0,2,2,8,1,1,2,1,31,14,1,49.4,Shai Gilgeous-Alexander
22025,1628983,0022500261,"Nov 19, 2025",OKC vs. SAC,W,36,12,24,0.5,1,3,0.333,8,10,0.8,2,6,8,3,2,0,3,0,33,9,1,50.1,Shai Gilgeous-Alexander
22025,1628983,0022500247,"Nov 17, 2025",OKC @ NOP,W,29,5,9,0.556,3,5,0.6,10,10,1.0,1,1,2,8,3,1,3,3,23,32,1,46.4,Shai Gilgeous-Alexander
22025,1628983,0022500229,"Nov 15, 2025",OKC @ CHA,W,29,13,19,0.684,3,4,0.75,4,5,0.8,0,4,4,7,2,0,1,1,33,21,1,53.3,Shai Gilgeous-Alexander
22025,1628983,0022500222,"Nov 12, 2025",OKC vs. LAL,W,29,10,18,0.556,2,7,0.286,8,9,0.889,0,5,5,9,2,0,1,1,30,25,1,54.5,Shai Gilgeous-Alexander
22025,1628983,0022500210,"Nov 11, 2025",OKC vs. GSW,W,28,9,19,0.474,3,6,0.5,7,8,0.875,1,4,5,11,3,1,2,2,28,25,1,60.5,Shai Gilgeous-Alexander
22025,1628983,0022500194,"Nov 09, 2025",OKC @ MEM,W,35,11,22,0.5,3,9,0.333,10,11,0.909,1,6,7,6,2,0,1,0,35,28,1,57.4,Shai Gilgeous-Alexander
22025,1628983,0022500038,"Nov 07, 2025",OKC @ SAC,W,29,12,20,0.6,2,6,0.333,4,4,1.0,0,1,1,3,2,1,1,2,30,10,1,43.7,Shai Gilgeous-Alexander
22025,1628983,0022500180,"Nov 05, 2025",OKC @ POR,L,38,10,26,0.385,3,5,0.6,12,13,0.923,2,7,9,4,0,0,0,5,35,1,1,51.8,Shai Gilgeous-Alexander
22025,1628983,0022500170,"Nov 04, 2025",OKC @ LAC,W,29,9,14,0.643,4,5,0.8,8,9,0.889,0,4,4,12,0,3,2,2,30,2,1,59.8,Shai Gilgeous-Alexander
22025,1628983,0022500148,"Nov 02, 2025",OKC vs. NOP,W,30,8,14,0.571,1,5,0.2,13,13,1.0,0,2,2,7,1,0,3,1,30,24,1,42.9,Shai Gilgeous-Alexander
22025,1628983,0022500140,"Oct 30, 2025",OKC vs. WAS,W,29,11,20,0.55,3,6,0.5,6,6,1.0,0,3,3,7,0,1,0,1,31,8,1,48.1,Shai Gilgeous-Alexander
22025,1628983,0022500126,"Oct 28, 2025",OKC vs. SAC,W,36,14,26,0.538,1,5,0.2,2,2,1.0,0,9,9,4,1,3,1,2,31,-1,1,58.8,Shai Gilgeous-Alexander
22025,1628983,0022500119,"Oct 27, 2025",OKC @ DAL,W,35,10,22,0.455,1,3,0.333,2,2,1.0,0,4,4,8,1,0,4,0,23,7,1,38.8,Shai Gilgeous-Alexander
22025,1628983,0022500101,"Oct 25, 2025",OKC @ ATL,W,29,12,17,0.706,2,6,0.333,4,4,1.0,1,4,5,5,1,1,2,2,30,16,1,47.5,Shai Gilgeous-Alexander
22025,1628983,0022500005,"Oct 23, 2025",OKC @ IND,W,45,15,31,0.484,2,7,0.286,23,26,0.885,0,8,8,5,2,1,2,4,55,9,1,79.1,Shai Gilgeous-Alexander
22025,1628983,0022500001,"Oct 21, 2025",OKC vs. HOU,W,47,12,26,0.462,1,9,0.111,10,14,0.714,0,5,5,5,2,2,3,2,35,3,1,57.5,Shai Gilgeous-Alexander
