RANK,PLAYER_NAME,TEAM_ABBREVIATION,GP,MIN,PTS,REB,AST,STL,BLK,FG3M,TOV,FG_PCT,FT_PCT,TOTAL_Z
1,Nikola Jokić,DEN,65,34.8,2.75,3.91,4.48,1.59,0.88,0.51,-3.06,3.36,1.27,15.69
2,Victor Wembanyama,SAS,64,29.2,2.3,3.28,0.29,0.53,6.67,0.75,-1.38,1.29,1.33,15.05
3,Shai Gilgeous-Alexander,OKC,68,33.2,3.31,0.06,2.22,1.59,0.88,0.51,-1.12,3.29,3.59,14.33
4,Kawhi Leonard,LAC,65,32.1,2.78,1.0,0.57,2.92,-0.13,1.57,-0.86,1.34,2.9,12.09
5,Tyrese Maxey,PHI,70,38.0,2.85,-0.03,2.22,2.92,0.88,2.15,-1.38,-0.3,2.53,11.85
6,Luka Dončić,LAL,64,35.8,3.71,1.58,3.16,2.12,0.12,3.21,-3.45,0.17,-0.08,10.55
7,Donovan Mitchell,CLE,70,33.5,2.78,0.15,1.72,1.86,-0.38,2.27,-1.89,0.59,2.2,9.3
8,Jamal Murray,DEN,75,35.4,2.37,0.11,2.5,0.26,-0.13,2.39,-1.25,0.58,2.22,9.05
9,Stephen Curry,GSW,43,30.9,2.57,-0.25,1.17,0.79,-0.13,3.68,-1.89,-0.08,2.98,8.84
10,Lauri Markkanen,UTA,42,34.3,2.59,1.23,-0.26,0.53,0.12,1.68,-0.21,0.15,2.9,8.72
11,Kevin Durant,HOU,78,36.4,2.47,0.6,1.23,-0.01,1.13,1.33,-2.41,1.82,2.11,8.26
12,Trey Murphy III,NOP,66,35.5,1.73,0.69,0.68,1.86,-0.13,2.27,-0.6,0.06,1.7,8.24
13,Scottie Barnes,TOR,80,33.5,1.17,1.49,1.83,1.59,2.64,-0.43,-1.64,1.02,0.42,8.1
14,Anthony Edwards,MIN,61,35.0,2.93,0.38,0.62,1.59,0.88,2.51,-2.02,0.8,0.24,7.91
15,Joel Embiid,PHI,38,31.6,2.62,1.58,0.73,-0.54,1.88,0.16,-2.02,0.78,2.55,7.75
16,Chet Holmgren,OKC,69,28.9,1.0,2.12,-0.48,-0.54,3.65,0.04,-0.34,1.93,0.36,7.74
17,Kevin Porter Jr.,MIL,38,33.2,1.05,0.47,2.66,3.72,0.12,-0.08,-2.02,-0.08,1.64,7.47
18,James Harden,CLE,70,34.8,2.07,0.29,2.99,0.79,-0.13,2.15,-2.8,-1.01,3.06,7.42
19,Karl-Anthony Towns,NYK,75,31.0,1.5,3.46,0.23,0.26,0.12,0.28,-1.51,0.81,2.07,7.23
20,Anthony Davis,WAS,20,31.3,1.55,3.1,0.12,0.79,3.14,-0.9,-0.99,1.28,-0.91,7.18
21,Cade Cunningham,DET,64,33.9,2.12,0.6,4.04,1.59,0.88,0.86,-3.06,-0.27,0.41,7.17
22,Jalen Johnson,ATL,72,35.2,1.89,2.74,2.94,1.06,-0.13,0.51,-2.67,0.52,0.19,7.05
23,Jimmy Butler III,GSW,38,31.1,1.48,0.64,1.28,1.59,-0.63,-0.55,-0.34,1.11,2.3,6.89
24,Austin Reaves,LAL,51,34.5,2.02,0.24,1.61,0.79,-0.13,1.21,-2.15,0.58,2.45,6.64
25,Michael Porter Jr.,BKN,52,32.5,2.17,1.31,0.23,0.79,-0.38,2.51,-1.25,-0.28,1.49,6.6
26,Nickeil Alexander-Walker,ATL,78,33.4,1.61,-0.34,0.62,1.32,0.12,2.27,-0.99,-0.37,2.31,6.56
27,Jayson Tatum,BOS,16,32.6,1.78,2.61,1.5,1.59,-0.63,1.92,-1.38,-1.97,1.1,6.52
28,Derrick White,BOS,77,34.1,0.9,0.11,1.56,0.79,2.14,1.68,-0.47,-2.08,1.54,6.17
29,Ty Jerome,MEM,15,22.6,1.43,-0.61,1.72,0.79,-0.38,1.8,-0.6,0.16,1.7,6.01
30,Zach Edey,MEM,11,25.8,0.42,3.1,-0.81,-0.54,3.65,-1.37,-1.38,2.77,0.11,5.95
31,Keyonte George,UTA,54,33.1,2.07,-0.2,1.94,0.79,-0.38,1.45,-2.28,-0.5,3.03,5.91
32,Jalen Duren,DET,70,28.2,1.4,2.83,-0.32,-0.01,0.88,-1.49,-0.73,4.09,-0.77,5.89
33,Donovan Clingan,POR,77,27.2,0.18,3.33,-0.26,-0.54,3.14,-0.19,0.18,0.82,-1.01,5.63
34,Amen Thompson,HOU,79,37.4,1.2,1.63,1.5,1.86,0.37,-1.13,-1.38,1.75,-0.18,5.63
35,Desmond Bane,ORL,82,33.6,1.5,-0.03,0.84,0.53,0.12,0.86,-0.86,0.38,2.16,5.5
36,Onyeka Okongwu,ATL,74,31.0,0.69,1.54,0.29,0.79,1.63,0.75,-0.47,0.29,-0.07,5.44
37,Paul George,PHI,37,30.7,1.03,0.51,0.57,2.39,-0.13,1.68,-0.47,-0.84,0.63,5.37
38,OG Anunoby,NYK,67,33.2,0.94,0.47,-0.21,2.12,0.62,1.21,-0.6,0.32,0.48,5.35
39,Mikal Bridges,NYK,82,32.8,0.56,-0.16,0.62,1.32,0.88,0.75,0.44,0.59,0.25,5.24
40,Bam Adebayo,MIA,73,32.4,1.5,2.61,0.35,1.06,0.62,0.51,-0.34,-0.93,-0.2,5.18
41,Tyler Herro,MIA,33,31.3,1.56,0.29,0.84,-0.27,-0.13,1.45,-0.73,0.33,1.75,5.09
42,Cooper Flagg,DAL,70,33.5,1.64,1.14,1.06,1.06,1.13,-0.31,-1.25,-0.07,0.67,5.08
43,Jalen Brunson,NYK,74,35.0,2.47,-0.38,2.33,-0.01,-0.89,1.57,-1.38,-0.1,1.41,5.03
44,Jaren Jackson Jr.,UTA,48,30.3,1.38,0.69,-0.32,0.79,2.39,0.63,-1.12,0.1,0.46,5.0
45,Devin Booker,PHX,64,33.5,2.49,-0.11,1.89,-0.01,-0.38,0.75,-2.28,-0.56,3.19,4.96
46,LaMelo Ball,CHA,72,28.0,1.5,0.29,2.5,1.06,-0.38,2.98,-1.89,-2.2,1.02,4.85
47,Brandon Miller,CHA,65,30.3,1.51,0.33,0.4,0.53,0.62,2.15,-1.51,-1.1,1.85,4.79
48,Jaylen Brown,BOS,71,34.4,2.92,1.23,1.39,0.53,-0.13,0.86,-2.93,0.4,0.51,4.77
49,Alex Sarr,WAS,48,27.2,0.87,1.45,0.07,-0.01,3.9,-0.31,-0.47,0.32,-1.07,4.74
50,Ryan Rollins,MIL,74,32.1,1.03,0.2,1.67,1.86,-0.13,1.45,-1.77,0.14,0.23,4.67
51,LeBron James,LAL,60,33.2,1.63,0.87,2.55,1.06,0.37,0.04,-2.15,1.39,-1.08,4.67
52,Alperen Sengun,HOU,72,33.3,1.55,2.12,2.0,1.06,1.63,-0.78,-2.41,1.5,-2.02,4.64
53,Dyson Daniels,ATL,76,33.2,0.14,1.18,1.83,3.19,-0.13,-1.13,-0.6,0.99,-1.08,4.39
54,Kel'el Ware,MIA,77,22.1,0.01,2.16,-1.03,-0.01,1.63,-0.08,0.7,1.08,-0.17,4.29
55,Deni Avdija,POR,66,33.3,2.17,1.23,2.27,-0.01,0.37,0.75,-3.19,-0.13,0.8,4.27
56,Evan Mobley,CLE,65,31.9,1.18,2.16,0.57,-0.27,3.14,-0.31,-0.73,1.95,-3.43,4.26
57,Kristaps Porziņģis,GSW,32,24.0,0.94,0.47,-0.04,-0.54,1.88,0.51,0.05,-0.56,1.52,4.23
58,Jalen Suggs,ORL,57,27.6,0.46,-0.11,1.61,2.66,0.62,0.98,-1.77,-0.89,0.65,4.21
59,Dejounte Murray,NOP,14,27.8,0.94,0.56,2.11,2.12,-0.63,0.16,-2.67,0.37,1.24,4.19
60,Kon Knueppel,CHA,81,31.5,1.23,0.51,0.46,-0.27,-0.63,2.51,-0.86,0.2,0.87,4.01
61,Andrew Wiggins,MIA,68,30.3,0.72,0.29,0.07,0.79,1.38,0.86,-0.21,0.03,0.08,4.01
62,VJ Edgecombe,PHI,75,35.0,0.82,0.64,0.9,1.59,0.12,0.86,-0.6,-0.85,0.5,3.99
63,Brandon Ingram,TOR,77,33.8,1.73,0.64,0.62,-0.01,0.62,0.63,-1.38,0.3,0.82,3.98
64,Nikola Vučević,BOS,64,28.4,0.67,1.9,0.4,-0.54,0.37,0.39,0.05,0.64,0.1,3.98
65,Jaden McDaniels,MIN,73,31.7,0.62,0.02,0.07,0.79,1.38,0.16,-0.6,0.95,0.5,3.89
66,DeMar DeRozan,SAC,77,31.2,1.22,-0.56,0.84,0.53,-0.38,-0.78,0.18,0.67,2.17,3.87
67,Neemias Queta,BOS,76,25.3,-0.14,1.9,-0.48,-0.01,2.14,-1.49,0.44,2.34,-0.86,3.83
68,Immanuel Quickley,TOR,70,31.9,0.89,-0.07,1.83,1.32,-0.89,1.45,-0.21,-0.7,0.2,3.83
69,Josh Giddey,CHI,54,32.1,0.98,1.85,3.6,0.53,0.12,0.75,-2.93,-0.68,-0.39,3.82
70,Mark Williams,PHX,60,23.6,0.11,1.72,-0.87,0.26,1.13,-1.49,0.31,2.48,0.11,3.76
71,Reed Sheppard,HOU,82,26.2,0.41,-0.56,0.46,1.86,0.62,1.8,-0.21,-0.79,0.07,3.65
72,Jarrett Allen,CLE,56,27.1,0.72,1.94,-0.43,0.53,0.88,-1.49,0.05,3.09,-1.63,3.65
73,Giannis Antetokounmpo,MIL,36,28.9,2.73,2.52,1.56,0.26,0.62,-1.02,-2.41,5.07,-5.78,3.56
74,Matas Buzelis,CHI,77,29.2,0.87,0.73,-0.26,-0.27,2.64,1.1,-0.99,-0.14,-0.13,3.55
75,Franz Wagner,ORL,34,30.0,1.58,0.47,0.4,0.26,-0.38,0.16,-0.47,0.39,1.08,3.47
76,Norman Powell,MIA,58,29.6,1.76,-0.29,-0.04,0.79,-0.63,1.68,-0.73,0.13,0.8,3.46
77,Jalen Williams,OKC,33,28.4,1.0,0.2,1.61,1.06,-0.38,-0.66,-0.73,0.31,1.03,3.43
78,De'Aaron Fox,SAS,72,31.0,1.25,-0.16,2.0,1.06,-0.38,0.63,-1.25,0.56,-0.28,3.43
79,Keegan Murray,SAC,23,34.5,0.49,0.69,-0.48,0.53,2.89,0.04,0.18,-1.19,0.23,3.37
80,Grayson Allen,PHX,51,28.8,0.9,-0.52,0.68,1.59,-0.38,2.15,-0.34,-1.67,0.9,3.32
81,Payton Pritchard,BOS,79,32.3,0.98,-0.11,1.45,-0.27,-0.89,1.68,-0.08,-0.16,0.71,3.31
82,Tre Jones,CHI,65,27.0,0.51,-0.47,1.56,1.06,-0.63,-0.78,-0.08,1.44,0.66,3.25
83,Naz Reid,MIN,77,26.1,0.42,0.91,-0.21,0.53,1.38,0.98,-0.34,-0.21,-0.23,3.23
84,Julius Randle,MIN,79,33.0,1.66,1.14,1.34,0.79,-0.63,0.16,-1.77,0.22,0.26,3.16
85,Josh Hart,NYK,66,30.2,0.16,1.45,1.23,0.79,-0.38,0.28,-0.73,0.72,-0.38,3.14
86,Jabari Smith Jr.,HOU,77,35.1,0.79,1.23,-0.37,-0.27,1.13,1.21,-0.08,-0.52,-0.07,3.04
87,Saddiq Bey,NOP,72,31.2,1.1,0.64,-0.04,0.26,-0.89,0.98,0.57,-0.38,0.79,3.03
88,Jay Huff,IND,82,21.0,-0.25,-0.07,-0.59,-0.81,3.65,0.28,0.57,-0.05,0.25,2.97
89,Collin Gillespie,PHX,80,28.5,0.28,-0.03,1.12,1.06,-0.63,1.92,-0.34,-1.04,0.58,2.91
90,Darius Garland,LAC,45,29.9,1.28,-0.79,2.27,0.53,-0.63,1.68,-2.02,-0.2,0.78,2.91
91,Cormac Ryan,MIL,11,24.6,0.54,-0.74,-0.48,0.53,-0.38,1.45,-0.21,0.84,1.35,2.89
92,Kyshawn George,WAS,48,29.0,0.62,0.42,1.06,0.53,1.13,0.98,-1.64,-0.66,0.35,2.8
93,Deandre Ayton,LAL,72,27.2,0.24,1.72,-0.98,-0.54,1.38,-1.49,0.18,3.32,-1.14,2.69
94,Ayo Dosunmu,MIN,69,27.3,0.62,-0.34,0.57,-0.01,-0.38,0.63,-0.08,1.03,0.65,2.68
95,Myles Turner,MIL,71,26.9,0.14,0.51,-0.59,-0.27,2.89,0.98,0.18,-0.54,-0.68,2.62
96,Donte DiVincenzo,MIN,82,30.4,0.19,-0.03,0.68,1.32,-0.13,2.04,-0.08,-1.35,-0.08,2.56
97,Ajay Mitchell,OKC,57,25.8,0.42,-0.38,0.57,1.06,-0.38,-0.19,-0.08,0.22,1.3,2.52
98,Zach LaVine,SAC,39,31.4,1.35,-0.61,-0.15,-0.27,-0.38,1.45,-0.73,0.24,1.61,2.5
99,Robert Williams III,POR,59,17.1,-0.71,1.27,-0.87,-0.54,2.64,-1.25,0.7,2.0,-0.78,2.45
100,Isaiah Hartenstein,OKC,47,24.2,-0.3,2.34,0.51,0.53,0.88,-1.49,-0.47,1.83,-1.38,2.45
101,Julian Champagnie,SAS,82,27.6,0.01,0.73,-0.59,-0.01,0.12,1.33,0.7,-0.48,0.62,2.43
102,Cam Spencer,MEM,72,23.8,0.01,-0.74,1.67,-0.27,-0.63,0.86,0.05,0.16,1.32,2.42
103,Ivica Zubac,IND,48,30.1,0.51,2.88,-0.21,-1.07,0.88,-1.49,-0.6,2.54,-1.07,2.37
104,John Collins,LAC,69,27.1,0.42,0.51,-0.87,0.26,0.62,0.04,-0.08,1.54,-0.1,2.34
105,Rudy Gobert,MIN,76,31.3,-0.02,3.28,-0.48,-0.01,2.89,-1.49,-0.08,2.63,-4.4,2.32
106,Tobias Harris,DET,63,27.7,0.37,0.42,-0.04,0.26,-0.13,0.04,0.44,-0.06,1.02,2.32
107,Jrue Holiday,POR,53,29.4,0.87,0.2,1.94,0.53,-0.89,1.57,-1.89,-0.58,0.56,2.31
108,Miles Bridges,CHA,77,31.0,1.0,0.73,0.35,-0.54,-0.13,0.75,-0.08,-0.28,0.48,2.27
109,Zion Williamson,NOP,62,29.7,1.64,0.69,0.35,0.53,0.12,-1.49,-0.86,3.3,-2.04,2.24
110,Jalen Slawson,IND,13,23.9,-0.62,0.11,0.12,1.86,1.63,-0.08,0.05,-0.34,-0.51,2.24
111,Ausar Thompson,DET,73,26.0,-0.19,0.69,0.29,3.19,1.13,-1.37,-0.21,0.95,-2.29,2.2
112,Peyton Watson,DEN,54,29.6,0.59,0.33,-0.26,0.26,1.63,0.28,-0.47,0.44,-0.61,2.18
113,Devin Vassell,SAS,67,30.5,0.47,-0.07,-0.04,0.26,-0.13,1.45,0.57,-0.8,0.47,2.18
114,Daniel Gafford,DAL,55,21.7,-0.25,1.23,-0.81,-0.01,2.14,-1.49,0.31,2.19,-1.16,2.14
115,Kelly Oubre Jr.,PHI,50,31.5,0.51,0.38,-0.54,1.59,0.12,0.51,-0.08,-0.04,-0.31,2.13
116,Trae Young,WAS,15,25.6,1.13,-0.96,2.99,0.26,-0.89,0.63,-1.64,-0.28,0.87,2.11
117,Jakob Poeltl,TOR,46,25.0,-0.05,1.27,-0.32,0.26,0.62,-1.49,0.18,3.03,-1.47,2.03
118,Pascal Siakam,IND,62,33.2,2.14,1.09,0.68,0.79,-0.13,0.51,-1.12,0.51,-2.47,2.0
119,Aaron Gordon,DEN,36,27.9,0.85,0.73,0.07,-0.54,-0.38,0.51,0.31,0.56,-0.12,1.99
120,Cason Wallace,OKC,77,26.6,-0.4,-0.47,0.01,2.92,-0.13,0.04,0.57,-0.53,-0.02,1.99
121,CJ McCollum,ATL,76,29.8,1.27,-0.38,0.73,-0.01,0.12,1.45,-0.6,-0.47,-0.13,1.98
122,Paolo Banchero,ORL,72,34.7,1.84,1.9,1.45,-0.27,0.37,-0.08,-2.28,-0.42,-0.55,1.96
123,Santi Aldama,MEM,43,27.9,0.49,1.14,0.18,0.26,0.62,0.39,0.05,0.17,-1.35,1.95
124,Ja Morant,MEM,20,28.4,1.4,-0.38,3.05,0.53,-0.38,-0.31,-2.93,-1.88,2.87,1.95
125,Andrew Nembhard,IND,57,31.3,0.97,-0.61,2.83,0.26,-0.89,0.75,-1.38,-0.78,0.79,1.94
126,Domantas Sabonis,SAC,19,29.7,0.79,3.24,0.84,0.26,-0.63,-1.13,-1.77,1.66,-1.33,1.91
127,Wendell Carter Jr.,ORL,78,29.3,0.13,1.45,-0.32,-0.01,0.37,-0.43,0.05,0.68,-0.04,1.88
128,Bez Mbeng,UTA,15,32.8,-0.48,-0.16,0.84,3.99,-0.38,-1.02,-0.21,0.3,-0.99,1.88
129,Brandin Podziemski,GSW,82,28.4,0.46,0.42,0.62,0.79,-0.63,0.75,-0.34,-0.35,0.11,1.82
130,Ryan Kalkbrenner,CHA,69,21.4,-0.57,0.6,-0.98,-0.81,2.64,-1.49,0.57,2.39,-0.56,1.8
131,Al Horford,GSW,45,21.5,-0.45,0.33,0.01,-0.27,1.63,0.39,0.57,-0.55,0.13,1.79
132,Luke Kornet,SAS,68,21.0,-0.75,0.87,-0.37,-0.81,1.38,-1.49,1.21,1.41,0.29,1.74
133,Moussa Diabaté,CHA,73,26.0,-0.52,2.03,-0.37,-0.01,1.38,-1.49,0.44,1.46,-1.2,1.73
134,Derik Queen,NOP,81,25.0,0.11,1.31,0.62,0.53,1.13,-1.13,-1.25,0.15,0.15,1.62
135,Jerami Grant,POR,57,29.7,1.25,-0.29,-0.26,-0.27,0.37,1.33,-0.99,-0.42,0.89,1.61
136,Moses Moody,GSW,60,25.7,0.18,-0.38,-0.54,0.53,0.37,1.45,0.44,-0.53,0.04,1.56
137,Royce O'Neale,PHX,78,28.4,-0.2,0.29,0.07,0.79,-0.13,1.68,0.05,-0.7,-0.39,1.46
138,Sandro Mamukelashvili,TOR,80,21.9,0.03,0.33,-0.37,-0.01,0.12,0.16,0.7,0.76,-0.29,1.42
139,Bilal Coulibaly,WAS,56,26.2,0.11,0.06,0.01,1.32,1.38,-0.08,-0.08,-0.89,-0.46,1.38
140,Toumani Camara,POR,82,33.3,0.39,0.42,-0.04,0.79,-0.13,1.68,-0.6,-0.63,-0.56,1.33
141,Cameron Johnson,DEN,54,30.5,0.19,-0.16,-0.1,-0.27,-0.13,0.86,0.57,0.13,0.23,1.32
142,Bennedict Mathurin,LAC,54,30.0,1.08,0.56,-0.1,-0.01,-0.63,0.16,-1.12,-0.92,2.29,1.31
143,Jaylon Tyson,CLE,66,26.9,0.36,0.42,-0.21,-0.01,-0.13,0.86,-0.21,0.41,-0.23,1.26
144,Anthony Black,ORL,64,29.8,0.65,-0.16,0.62,1.59,0.62,0.39,-0.99,-0.56,-0.94,1.24
145,Cedric Coward,MEM,62,25.8,0.42,0.78,0.12,-0.54,-0.13,0.28,-0.47,-0.06,0.78,1.18
146,Kyle Filipowski,UTA,77,23.4,0.06,1.36,0.01,0.26,0.12,-0.31,-0.34,0.4,-0.4,1.16
147,John Konchar,UTA,56,19.9,-1.09,0.06,-0.26,1.86,0.62,-0.9,0.95,0.02,-0.12,1.15
148,Bobby Portis,MIL,67,24.2,0.44,1.0,-0.54,-0.54,-0.63,0.86,0.44,0.46,-0.36,1.14
149,Derrick Jones Jr.,LAC,50,27.0,-0.15,-0.29,-0.65,0.26,1.38,-0.19,0.7,0.45,-0.38,1.11
150,Isaiah Stewart,DET,58,22.7,-0.17,0.38,-0.81,-1.34,2.89,-0.66,0.18,1.09,-0.44,1.11
151,Maxime Raynaud,SAC,74,26.5,0.24,1.49,-0.65,-0.81,0.12,-1.13,0.05,1.8,-0.01,1.11
152,P.J. Washington,DAL,56,31.0,0.52,1.27,-0.43,0.53,1.63,0.16,-0.47,-0.48,-1.64,1.09
153,Sam Merrill,CLE,52,26.5,0.29,-0.7,-0.1,-0.54,-0.89,2.04,0.7,-0.14,0.34,1.01
154,Justin Champagnie,WAS,69,20.0,-0.38,0.64,-0.76,0.26,0.37,-0.55,0.82,0.49,0.1,1.01
155,Matisse Thybulle,POR,30,16.0,-0.86,-0.96,-0.92,3.19,0.12,-0.08,0.57,-0.42,0.31,0.94
156,Nic Claxton,BKN,69,27.8,0.11,1.23,0.62,-0.27,1.63,-1.49,-0.08,1.66,-2.49,0.92
157,Quentin Grimes,PHI,75,29.4,0.39,-0.25,0.4,0.26,-0.13,0.51,-0.6,-0.48,0.81,0.92
158,Stephon Castle,SAS,68,30.0,0.94,0.51,2.66,0.79,-0.38,-0.08,-2.41,0.12,-1.23,0.91
159,Collin Sexton,CHI,68,23.7,0.72,-0.83,0.4,0.79,-0.89,0.39,-0.99,0.35,0.94,0.89
160,Christian Braun,DEN,44,31.8,0.16,0.29,0.07,-0.27,-0.38,-0.31,0.44,0.91,-0.01,0.88
161,Kris Dunn,LAC,82,27.2,-0.62,-0.38,0.57,2.12,-0.63,-0.31,-0.08,0.15,0.07,0.88
162,Jordan Goodwin,PHX,70,22.5,-0.38,0.33,-0.21,1.86,-0.63,0.39,0.44,-0.8,-0.12,0.87
163,Dillon Brooks,PHX,56,30.4,1.51,-0.25,-0.43,0.53,-0.63,1.21,-0.6,-1.24,0.76,0.86
164,Tari Eason,HOU,60,25.8,-0.09,0.96,-0.59,1.06,0.12,0.39,-0.08,-1.09,0.16,0.84
165,Dylan Cardwell,SAC,44,20.6,-0.93,1.49,-0.65,-0.27,2.64,-1.49,0.57,0.92,-1.45,0.84
166,Mitchell Robinson,NYK,60,19.6,-0.88,2.07,-0.92,0.26,1.88,-1.49,0.82,1.76,-2.69,0.83
167,Naji Marshall,DAL,74,29.5,0.69,0.24,0.4,0.79,-0.89,-0.55,-0.34,0.95,-0.49,0.81
168,Jaime Jaquez Jr.,MIA,75,28.3,0.72,0.38,1.17,-0.27,-0.38,-0.55,-0.86,0.91,-0.31,0.81
169,Jusuf Nurkić,UTA,41,26.4,-0.02,2.79,1.23,1.32,0.12,-0.78,-1.51,0.61,-2.95,0.81
170,Jalen Smith,CHI,53,20.7,-0.14,1.14,-0.76,-0.81,0.88,0.28,0.44,0.25,-0.47,0.8
171,Shaedon Sharpe,POR,50,29.4,1.61,0.06,0.01,1.59,-0.89,0.98,-2.02,-0.73,0.18,0.8
172,Duncan Robinson,DET,77,27.4,0.19,-0.65,-0.26,-0.54,-0.38,1.92,0.82,-0.34,0.01,0.77
173,RJ Barrett,TOR,57,30.3,1.36,0.51,0.4,-0.27,-0.38,0.51,-0.47,0.55,-1.45,0.76
174,Davion Mitchell,MIA,70,28.6,-0.29,-0.65,2.16,0.53,-0.63,0.04,-0.21,0.25,-0.45,0.75
175,Herbert Jones,NOP,56,28.4,-0.35,-0.34,0.12,2.12,0.12,0.16,0.05,-1.35,0.16,0.69
176,Miles McBride,NYK,41,26.3,0.16,-0.79,0.01,0.26,-0.63,1.68,0.7,-0.88,0.16,0.67
177,Scotty Pippen Jr.,MEM,10,21.2,0.06,-0.87,1.17,2.92,-0.13,-0.31,-1.77,-0.41,-0.01,0.65
178,Isaiah Joe,OKC,71,21.2,0.01,-0.74,-0.7,-0.27,-0.63,1.45,0.95,-0.14,0.71,0.64
179,Max Christie,DAL,77,29.1,0.21,-0.43,-0.32,-0.54,-0.13,1.21,0.18,-0.42,0.8,0.57
180,Malachi Smith,BKN,15,23.9,-0.45,-0.34,0.4,-0.01,-0.38,0.04,0.57,0.19,0.46,0.48
181,Obi Toppin,IND,24,17.7,0.09,0.11,-0.15,-0.81,-1.14,0.28,0.18,0.59,1.32,0.47
182,Julian Reese,WAS,13,30.9,0.13,2.83,-0.43,1.59,0.37,-1.49,-1.51,0.93,-1.98,0.46
183,T.J. McConnell,IND,56,17.2,-0.27,-0.87,1.39,0.53,-0.63,-1.13,0.31,1.06,0.03,0.4
184,Ace Bailey,UTA,72,27.6,0.46,0.02,-0.43,-0.01,0.62,0.75,-0.21,-0.64,-0.17,0.39
185,Collin Murray-Boyles,TOR,57,21.9,-0.42,0.38,-0.37,0.26,1.13,-1.13,0.44,1.33,-1.23,0.38
186,Leaky Black,WAS,15,28.9,-0.65,0.38,-0.59,1.06,0.12,0.04,0.57,-1.06,0.46,0.32
187,Kevin Huerter,DET,69,22.5,-0.17,-0.29,0.01,0.26,0.12,0.16,0.44,-0.27,0.07,0.32
188,Micah Potter,IND,47,19.3,-0.22,0.38,-0.59,-0.81,-0.38,0.28,0.44,0.56,0.65,0.3
189,Russell Westbrook,SAC,64,28.9,0.69,0.56,2.27,1.32,-0.63,0.86,-2.54,-1.08,-1.16,0.28
190,Ziaire Williams,BKN,56,22.9,-0.14,-0.79,-0.81,1.59,-0.13,0.28,0.31,-0.62,0.6,0.28
191,Keldon Johnson,SAS,82,23.3,0.36,0.56,-0.65,-0.54,-0.89,-0.08,0.57,0.86,0.08,0.27
192,Blake Hinson,UTA,14,20.4,0.14,-0.79,-0.81,-1.07,-0.89,1.57,1.21,0.68,0.16,0.21
193,De'Anthony Melton,GSW,49,23.0,0.21,-0.43,0.01,2.12,-0.13,0.28,-0.73,-1.32,0.17,0.19
194,Tristan da Silva,ORL,77,24.7,-0.19,-0.2,-0.54,0.26,-0.38,0.39,0.57,-0.4,0.68,0.18
195,Goga Bitadze,ORL,64,15.2,-0.85,0.38,-0.7,-0.54,1.38,-1.49,0.82,1.47,-0.32,0.16
196,Dylan Harper,SAS,69,22.6,0.13,-0.34,0.73,-0.01,-0.38,-0.43,-0.08,0.66,-0.14,0.14
197,Tim Hardaway Jr.,DEN,80,26.6,0.41,-0.7,-0.65,-0.81,-0.89,1.8,1.08,-0.31,0.17,0.12
198,Javon Small,MEM,41,20.2,-0.22,-0.47,0.62,-0.01,-0.63,0.28,-0.08,0.02,0.56,0.06
199,Anfernee Simons,CHI,55,24.9,0.54,-0.74,-0.1,-0.81,-0.89,1.68,0.18,-0.67,0.86,0.06
200,Paul Reed,DET,65,13.9,-0.53,0.15,-0.76,0.26,1.13,-1.25,0.57,1.48,-0.99,0.05
201,Marvin Bagley III,DAL,60,20.0,-0.09,0.87,-0.65,-0.81,0.62,-1.02,0.44,1.87,-1.2,0.05
202,Brook Lopez,LAC,75,21.8,-0.42,-0.25,-0.7,-0.54,1.88,0.28,0.7,-0.55,-0.36,0.04
203,Marcus Smart,LAL,62,28.5,-0.29,-0.61,0.23,1.59,-0.13,0.39,-0.21,-1.2,0.23,0.01
204,Draymond Green,GSW,68,27.5,-0.43,0.6,1.61,0.26,0.37,0.28,-1.77,-0.75,-0.17,0.0
205,Precious Achiuwa,SAC,73,23.9,-0.15,1.14,-0.65,0.26,0.62,-1.02,0.57,0.87,-1.65,-0.01
206,Day'Ron Sharpe,BKN,62,18.7,-0.38,1.14,-0.15,0.79,-0.13,-1.37,-0.47,1.6,-1.1,-0.08
207,Jake LaRavia,LAL,82,25.1,-0.47,-0.07,-0.43,1.32,0.12,-0.31,0.31,-0.21,-0.38,-0.11
208,Jeremiah Fears,NOP,82,25.8,0.54,-0.2,0.46,1.06,-0.13,-0.08,-1.12,-0.93,0.2,-0.21
209,Brice Sensabaugh,UTA,75,23.5,0.64,-0.47,-0.37,-0.27,-0.63,1.1,-0.47,-0.11,0.35,-0.24
210,Chaney Johnson,BKN,17,20.4,-0.47,0.2,-0.26,0.26,0.12,-0.9,0.18,0.81,-0.2,-0.26
211,Isaiah Collier,UTA,59,25.7,0.11,-0.74,2.55,0.79,-0.38,-0.9,-1.51,0.41,-0.61,-0.27
212,GG Jackson,MEM,55,21.4,0.24,0.06,-0.59,-0.54,0.88,-0.08,-0.21,0.45,-0.5,-0.28
213,Max Strus,CLE,12,24.0,0.03,0.56,-0.32,-1.34,-1.14,1.8,0.7,-0.46,-0.12,-0.29
214,Aaron Nesmith,IND,45,29.7,0.46,0.02,-0.37,-0.54,0.12,1.21,-0.08,-1.28,0.17,-0.29
215,Jaylin Williams,OKC,65,19.7,-0.63,0.6,-0.1,-0.81,0.37,0.28,0.44,-0.46,0.01,-0.3
216,Josh Minott,BKN,49,17.0,-0.6,-0.43,-0.92,0.26,0.12,0.04,0.57,0.4,0.25,-0.31
217,Noah Clowney,BKN,66,27.0,0.21,-0.03,-0.54,-0.01,0.62,0.86,-0.21,-1.39,0.15,-0.32
218,Javonte Green,DET,82,17.6,-0.68,-0.61,-1.03,1.06,-0.38,-0.19,1.08,-0.1,0.53,-0.32
219,Dominick Barlow,PHI,71,23.8,-0.55,0.29,-0.76,0.26,0.62,-1.13,0.7,0.72,-0.47,-0.33
220,Gary Payton II,GSW,73,15.6,-0.58,-0.25,-0.48,0.26,-0.38,-0.9,0.7,1.21,0.03,-0.39
221,Malik Monk,SAC,62,22.0,0.24,-1.01,0.23,-0.54,-0.13,0.86,-0.21,-0.57,0.71,-0.41
222,Scoot Henderson,POR,30,24.9,0.52,-0.65,0.62,0.26,-0.38,0.75,-1.38,-1.08,0.9,-0.44
223,Kyle Kuzma,MIL,69,26.2,0.32,0.15,0.07,-0.27,-0.13,-0.08,-0.47,0.39,-0.5,-0.51
224,Sam Hauser,BOS,78,24.8,-0.3,-0.16,-0.59,-0.81,-0.38,1.45,1.21,-0.81,-0.15,-0.54
225,Coby White,CHA,50,25.0,1.05,-0.34,0.79,-0.81,-0.89,1.21,-1.64,-0.53,0.58,-0.56
226,Andre Drummond,PHI,63,19.5,-0.76,1.9,-0.7,-0.54,0.88,-0.9,0.44,0.02,-0.93,-0.61
227,Luke Kennard,LAL,78,21.5,-0.43,-0.83,-0.21,-0.27,-0.89,0.28,0.7,0.63,0.4,-0.63
228,Cameron Payne,PHI,22,17.0,-0.6,-0.96,0.01,0.79,-0.38,0.28,1.08,-1.36,0.49,-0.64
229,Jalen Green,PHX,32,25.9,1.12,-0.25,0.12,0.79,-0.38,1.1,-1.25,-1.4,-0.5,-0.64
230,AJ Green,MIL,78,29.1,-0.1,-0.65,-0.37,-0.81,-0.89,2.04,0.44,-0.61,0.31,-0.64
231,Dean Wade,CLE,59,22.3,-0.86,0.02,-0.59,-0.27,-0.13,-0.08,1.34,-0.21,0.13,-0.66
232,Pelle Larsson,MIA,70,26.4,0.06,-0.29,0.46,-0.27,-0.63,-0.43,-0.08,0.47,0.06,-0.67
233,Rui Hachimura,LAL,68,28.3,0.08,-0.38,-0.98,-0.54,-0.38,0.51,0.95,0.71,-0.69,-0.72
234,Daeqwon Plowden,SAC,32,26.4,-0.04,-0.52,-0.7,-0.27,-0.63,0.75,0.7,-0.56,0.53,-0.76
235,John Poulakidas,DAL,13,19.5,-0.37,-0.83,-0.98,-0.81,-0.38,1.33,1.34,-0.56,0.46,-0.79
236,Brandon Williams,DAL,66,22.2,0.32,-0.56,0.73,0.26,-0.38,-0.9,-0.73,0.06,0.4,-0.8
237,Jock Landale,ATL,68,22.1,-0.07,0.69,-0.48,-0.81,0.12,-0.19,0.57,0.57,-1.23,-0.83
238,Keon Ellis,CLE,72,20.5,-0.71,-1.01,-0.87,1.06,0.37,0.04,0.95,-0.37,-0.36,-0.89
239,Kyle Anderson,MIN,43,19.8,-0.8,-0.29,0.18,0.53,0.37,-1.37,0.57,0.57,-0.66,-0.9
240,Karlo Matković,NOP,62,14.7,-0.88,-0.2,-0.98,-1.07,1.13,-0.78,1.08,1.0,-0.21,-0.91
241,Zaccharie Risacher,ATL,67,22.4,-0.24,-0.16,-0.81,0.26,0.12,0.16,0.57,-0.31,-0.51,-0.92
242,Yves Missi,NOP,66,19.7,-0.88,0.73,-0.7,-1.34,2.64,-1.49,0.7,0.56,-1.17,-0.95
243,De'Andre Hunter,SAC,45,26.1,0.44,-0.03,-0.32,-0.27,-0.89,0.51,-0.47,-1.2,1.24,-0.98
244,Vít Krejčí,POR,65,21.4,-0.42,-0.83,-0.59,-0.27,-0.38,0.86,0.95,-0.2,-0.12,-0.99
245,Egor Dëmin,BKN,52,25.2,-0.12,-0.43,0.4,-0.01,-0.38,1.33,-0.47,-1.25,-0.08,-1.01
246,Dru Smith,MIA,70,16.3,-0.9,-0.74,0.01,1.59,-0.38,-0.9,0.7,-0.51,0.1,-1.02
247,Taurean Prince,MIL,26,23.5,-0.3,-0.47,-0.43,-0.54,-0.63,1.21,0.18,-0.25,0.18,-1.05
248,Harrison Barnes,SAS,77,25.8,-0.19,-0.61,-0.37,-0.54,-0.63,0.63,0.7,-0.24,0.19,-1.06
249,Tyler Burton,MEM,12,25.6,-0.04,0.02,-0.87,0.26,-0.38,0.63,0.57,-1.7,0.41,-1.1
250,Ja'Kobe Walter,TOR,72,20.5,-0.58,-0.7,-0.76,0.53,-0.63,0.28,1.08,-0.26,-0.08,-1.12
251,Alex Caruso,OKC,56,18.2,-0.8,-0.61,-0.32,1.32,-0.38,-0.43,0.57,-0.46,-0.02,-1.13
252,Jordan Miller,LAC,60,22.1,-0.17,-0.52,-0.15,-0.01,-0.63,-0.78,0.31,0.69,0.11,-1.15
253,Olivier-Maxence Prosper,MEM,53,18.6,-0.17,-0.29,-0.87,-0.01,-0.63,-0.19,0.57,0.97,-0.53,-1.16
254,Svi Mykhailiuk,UTA,50,23.1,-0.27,-0.74,-0.37,-0.81,-0.89,0.86,0.7,0.23,0.13,-1.16
255,Gui Santos,GSW,68,20.5,-0.3,-0.11,-0.15,0.26,-0.38,-0.19,-0.21,0.4,-0.47,-1.17
256,Isaac Okoro,CHI,63,26.9,-0.29,-0.65,-0.54,-0.27,0.12,-0.08,0.82,-0.25,-0.05,-1.18
257,Craig Porter Jr.,CLE,64,17.9,-1.08,-0.34,0.35,0.26,0.37,-0.9,0.57,-0.15,-0.3,-1.22
258,Jaylen Wells,MEM,69,26.4,0.24,-0.43,-0.54,0.26,-0.89,0.75,0.31,-0.67,-0.25,-1.23
259,Jamir Watkins,WAS,50,20.6,-0.6,-0.11,-0.7,0.79,0.12,-0.43,0.7,-0.34,-0.66,-1.23
260,Jarace Walker,IND,76,25.7,0.09,0.42,-0.04,-0.01,-0.38,0.63,-0.6,-1.0,-0.35,-1.23
261,Jaxson Hayes,LAL,66,18.3,-0.58,-0.03,-0.92,-1.07,0.88,-1.49,1.08,2.19,-1.29,-1.23
262,Zach Collins,CHI,10,18.4,-0.22,0.64,-0.59,-1.6,-0.13,-0.43,0.44,1.35,-0.71,-1.26
263,Bruce Brown,DEN,82,24.4,-0.52,-0.11,-0.26,0.53,-0.63,-0.66,0.31,-0.01,0.1,-1.27
264,Luguentz Dort,OKC,69,26.8,-0.45,-0.25,-0.76,0.26,-0.13,0.75,0.7,-1.31,-0.12,-1.31
265,Luka Garza,BOS,69,16.2,-0.48,-0.03,-0.87,-1.07,-0.13,-0.55,0.82,1.09,-0.14,-1.35
266,Isaiah Jackson,LAC,55,16.5,-0.71,0.51,-0.92,-0.27,1.13,-1.49,0.31,1.33,-1.23,-1.35
267,Jordan Poole,NOP,39,23.9,0.39,-0.96,0.29,-0.54,-0.13,1.45,-0.6,-2.26,0.96,-1.4
268,Aaron Wiggins,OKC,65,21.8,-0.27,-0.47,-0.48,0.26,-0.13,0.28,0.18,-0.49,-0.26,-1.4
269,Will Richard,GSW,69,20.0,-0.76,-0.74,-0.7,1.06,-0.89,-0.31,0.7,-0.1,0.31,-1.44
270,Kennedy Chandler,UTA,11,32.3,0.65,-0.34,2.27,0.53,-0.63,0.16,-0.99,-0.73,-2.37,-1.44
271,Oso Ighodaro,PHX,82,22.1,-0.75,0.42,-0.15,0.26,0.62,-1.49,0.18,1.53,-2.11,-1.48
272,Jordan Walsh,BOS,68,17.8,-0.93,-0.07,-0.98,-0.27,0.12,-0.66,1.08,0.33,-0.12,-1.5
273,Dennis Schröder,CLE,70,24.2,-0.04,-0.65,1.28,-0.01,-0.63,-0.19,-0.6,-1.23,0.54,-1.53
274,Grant Williams,CHA,36,19.8,-0.66,-0.11,-0.54,-0.81,0.12,0.16,0.57,-0.38,0.1,-1.56
275,Jose Alvarado,NYK,69,19.9,-0.6,-0.74,0.46,0.53,-0.89,0.28,0.31,-0.69,-0.21,-1.56
276,Quinten Post,GSW,67,17.3,-0.55,-0.07,-0.65,-1.07,0.12,0.16,0.7,-0.39,0.13,-1.63
277,Danny Wolf,BKN,57,20.8,-0.35,0.33,-0.21,-0.81,0.37,-0.08,0.05,-1.01,0.04,-1.65
278,Daniss Jenkins,DET,72,20.2,-0.29,-0.83,0.73,0.26,-0.63,-0.31,-0.34,-1.0,0.74,-1.66
279,Charles Bassey,GSW,13,11.7,-0.86,0.11,-1.14,-1.34,0.88,-1.49,1.08,1.38,-0.32,-1.7
280,Spencer Jones,DEN,64,22.1,-0.91,-0.38,-0.98,-0.01,0.12,-0.43,1.08,0.34,-0.54,-1.71
281,Ronald Holland II,DET,78,19.9,-0.47,-0.07,-0.76,1.06,-0.38,-0.78,0.18,-0.56,0.04,-1.74
282,Taylor Hendricks,MEM,59,19.0,-0.6,-0.2,-0.92,-0.01,0.12,-0.19,0.7,-0.04,-0.6,-1.75
283,Lonzo Ball,CLE,35,20.8,-1.06,-0.07,0.73,1.32,-0.38,-0.19,-0.21,-1.66,-0.3,-1.82
284,Tre Johnson,WAS,60,24.0,0.19,-0.61,-0.32,-0.54,-0.38,0.75,-0.34,-1.12,0.53,-1.84
285,Kevin Love,UTA,37,16.6,-0.71,0.73,-0.43,-1.07,-0.63,0.16,0.7,-0.85,0.25,-1.86
286,Jonas Valančiūnas,DEN,65,13.4,-0.38,0.42,-0.76,-1.6,0.37,-1.37,0.31,1.33,-0.2,-1.88
287,Anthony Gill,WAS,55,17.3,-0.86,-0.56,-0.7,-0.54,-0.13,-1.13,0.82,1.3,-0.12,-1.92
288,Bub Carrington,WAS,82,27.7,-0.05,-0.34,1.12,-0.54,-0.63,0.98,-1.25,-0.84,-0.41,-1.97
289,Terance Mann,BKN,63,24.3,-0.63,-0.43,0.23,-0.27,-0.63,-0.43,0.31,-0.05,-0.08,-1.98
290,Kris Murray,POR,57,23.4,-0.86,-0.25,-0.65,0.26,-0.13,-0.78,0.7,0.09,-0.36,-1.99
291,Jonathan Kuminga,ATL,36,23.1,0.19,0.64,-0.15,-0.54,-0.38,-0.31,-0.73,-0.03,-0.7,-2.01
292,Buddy Hield,ATL,51,16.1,-0.57,-0.83,-0.65,-0.01,-0.63,0.28,0.57,-0.4,0.22,-2.03
293,Tristan Vukcevic,WAS,49,13.7,-0.33,-0.52,-0.81,-0.81,0.62,-0.31,0.05,0.09,-0.01,-2.03
294,Adem Bona,PHI,71,17.4,-1.03,0.06,-1.14,-1.07,1.88,-1.49,0.7,0.67,-0.66,-2.07
295,Klay Thompson,DAL,69,21.7,0.11,-0.92,-0.65,-0.81,-0.38,1.92,0.57,-1.72,-0.21,-2.08
296,Kentavious Caldwell-Pope,MEM,51,21.3,-0.43,-0.74,0.07,-0.01,-0.63,-0.19,0.18,-0.94,0.62,-2.09
297,Caris LeVert,DET,60,19.2,-0.6,-0.96,0.07,0.26,0.62,-0.31,-0.08,-0.69,-0.41,-2.11
298,DeAndre Jordan,NOP,12,16.6,-1.09,0.96,-0.92,-1.34,0.88,-1.49,0.7,1.04,-0.84,-2.11
299,Landry Shamet,NYK,51,23.0,-0.29,-1.05,-0.65,-0.54,-0.63,0.86,0.95,-0.46,-0.32,-2.13
300,Jamal Shead,TOR,82,22.6,-0.73,-1.1,1.56,0.26,-0.63,-0.31,-0.08,-1.1,0.01,-2.13
301,Jaden Ivey,CHI,37,18.1,-0.42,-0.74,-0.43,-0.54,-0.13,0.16,0.31,-0.28,-0.08,-2.15
302,Steven Adams,HOU,32,22.8,-0.86,1.99,-0.59,-0.27,0.37,-1.49,0.31,0.35,-1.95,-2.15
303,Khris Middleton,DAL,63,22.8,-0.14,-0.2,0.12,-0.27,-0.89,-0.19,-0.47,-0.86,0.74,-2.15
304,Kasparas Jakučionis,MIA,53,17.8,-0.8,-0.7,0.01,-0.54,-0.89,-0.08,0.57,-0.42,0.68,-2.16
305,Baylor Scheierman,BOS,77,18.6,-0.91,-0.29,-0.59,-0.81,-0.89,0.04,0.95,-0.04,0.37,-2.17
306,Bones Hyland,MIN,71,16.6,-0.42,-1.05,0.01,-0.54,-0.63,0.39,0.44,-0.2,-0.17,-2.17
307,Oscar Tshiebwe,UTA,27,16.6,-0.53,1.09,-0.76,-0.54,-0.63,-1.49,0.7,1.68,-1.75,-2.23
308,Bryce McGowens,NOP,42,21.0,-0.48,-0.92,-0.59,-0.54,-0.63,-0.43,1.21,0.13,-0.01,-2.26
309,Vince Williams Jr.,UTA,40,20.5,-0.58,-0.11,0.9,-0.27,-0.13,0.16,-0.6,-1.62,-0.08,-2.35
310,Quenton Jackson,IND,49,18.3,-0.32,-0.83,0.18,-0.54,-0.89,-0.43,0.05,-0.09,0.5,-2.37
311,Simone Fontecchio,MIA,70,16.7,-0.42,-0.52,-0.65,-0.81,-0.89,0.63,0.82,-0.68,0.1,-2.4
312,Cody Williams,UTA,67,24.3,-0.37,-0.52,-0.32,-0.01,-0.13,-1.02,0.31,0.06,-0.47,-2.46
313,Ryan Dunn,PHX,70,19.4,-0.86,0.02,-0.59,0.26,-0.13,-0.55,0.7,-0.28,-1.06,-2.49
314,Mouhamed Gueye,ATL,77,15.3,-1.09,-0.25,-0.92,-0.01,0.12,-0.9,1.21,-0.17,-0.54,-2.54
315,Walter Clayton Jr.,MEM,69,20.4,-0.53,-0.96,0.79,-0.54,-0.38,-0.19,-0.47,-1.07,0.8,-2.56
316,Ben Sheppard,IND,65,21.4,-0.65,-0.52,-0.43,-0.54,-0.89,0.04,0.95,-0.43,-0.12,-2.57
317,Leonard Miller,CHI,46,15.6,-0.53,-0.11,-0.92,-1.07,-0.38,-0.66,0.7,1.02,-0.6,-2.57
318,Nique Clifford,SAC,75,25.1,-0.4,-0.16,-0.1,0.26,-0.38,-0.31,-0.21,-0.8,-0.51,-2.61
319,DeJon Jarreau,MEM,11,21.0,-0.5,0.2,0.4,0.26,0.62,-1.02,-1.38,-1.02,-0.2,-2.63
320,Thomas Bryant,CLE,60,12.2,-0.8,-0.34,-1.09,-1.34,-0.13,-0.55,1.08,0.36,0.16,-2.63
321,Will Riley,WAS,74,22.1,-0.12,-0.56,-0.32,-0.27,-0.89,-0.19,0.05,-0.48,0.08,-2.71
322,Cam Whitmore,WAS,21,16.9,-0.3,-0.61,-1.03,-0.27,-0.13,-0.55,0.57,-0.11,-0.32,-2.76
323,Clint Capela,HOU,75,12.3,-1.19,0.2,-1.03,-0.81,0.88,-1.49,1.08,0.37,-0.78,-2.77
324,Jericho Sims,MIL,67,19.7,-0.99,0.6,-0.54,-1.34,-0.38,-1.49,0.31,1.73,-0.69,-2.8
325,Corey Kispert,ATL,58,18.6,-0.3,-0.83,-0.54,-1.34,-0.63,0.28,0.7,0.01,-0.14,-2.8
326,Patrick Williams,CHI,72,20.5,-0.66,-0.52,-0.59,-0.27,-0.13,0.04,0.44,-1.17,0.07,-2.81
327,Jevon Carter,ORL,53,16.4,-0.76,-1.1,-0.54,-0.01,-0.63,0.28,0.82,-0.83,-0.06,-2.83
328,Justin Edwards,PHI,64,15.3,-0.83,-1.19,-0.7,-0.01,-0.63,-0.31,0.95,-0.29,0.13,-2.88
329,Sion James,CHA,82,22.5,-0.93,-0.29,-0.32,-0.54,-0.63,-0.31,0.7,-0.81,0.25,-2.89
330,Branden Carlson,OKC,42,11.6,-0.86,-0.52,-1.03,-1.6,0.37,-0.66,1.21,0.45,-0.3,-2.94
331,Mike Conley,MIN,54,18.4,-1.08,-1.1,0.18,-0.54,-0.38,-0.31,0.95,-1.13,0.4,-3.0
332,Elijah Harkless,UTA,26,21.0,-0.7,-0.96,0.18,1.06,-0.63,-0.55,0.44,-1.59,-0.25,-3.01
333,Kobe Sanders,LAC,68,19.9,-0.62,-0.83,-0.54,-0.27,-0.89,-0.08,0.18,-0.06,0.07,-3.03
334,Nicolas Batum,LAC,74,17.5,-1.16,-0.74,-0.92,-0.54,-0.38,-0.08,1.08,-0.4,0.09,-3.04
335,Seth Curry,GSW,10,13.3,-0.65,-1.32,-0.87,-1.34,-1.14,-0.08,1.47,0.19,0.68,-3.05
336,Pat Spencer,GSW,66,18.6,-0.63,-0.79,0.51,-0.27,-0.89,-0.43,0.05,-0.59,-0.02,-3.06
337,Kevon Looney,NOP,21,14.6,-1.36,0.64,-0.54,-1.07,0.12,-1.37,1.21,-0.32,-0.39,-3.06
338,Nae'Qwan Tomlin,CLE,64,15.7,-0.86,-0.56,-0.98,-0.54,0.12,-1.02,1.08,-0.0,-0.36,-3.11
339,Tyson Etienne,BKN,24,15.8,-0.52,-1.37,-0.48,-0.81,-1.14,0.63,0.82,-0.82,0.53,-3.15
340,Devin Carter,SAC,38,18.4,-0.35,-0.38,0.07,0.26,-0.63,-0.55,-0.08,-0.81,-0.68,-3.16
341,Jared McCain,OKC,67,17.3,-0.45,-0.96,-0.7,-0.81,-0.89,0.28,0.7,-0.75,0.4,-3.18
342,Ethan Thompson,IND,32,20.4,-0.66,-0.87,-0.43,-0.54,-0.38,-0.08,0.7,-1.1,0.1,-3.27
343,Pete Nance,MIL,47,15.7,-0.93,-0.65,-0.87,-1.34,-0.38,-0.19,0.95,0.34,-0.24,-3.31
344,Sharife Cooper,WAS,41,17.1,-0.48,-0.92,0.23,-1.07,-0.89,-0.66,-0.21,0.55,0.1,-3.35
345,Kenrich Williams,OKC,56,15.3,-0.75,-0.38,-0.65,-0.54,-0.89,-0.43,0.7,0.02,-0.45,-3.37
346,Killian Hayes,SAC,23,17.6,-0.91,-0.83,0.51,0.26,-0.63,-0.66,0.18,-1.99,0.68,-3.4
347,Jarred Vanderbilt,LAL,65,17.3,-1.09,0.15,-0.7,-0.01,-0.38,-1.02,0.57,-0.07,-0.87,-3.43
348,Tidjane Salaün,CHA,37,15.6,-0.83,-0.07,-1.03,-1.07,-0.63,-0.31,0.82,0.35,-0.69,-3.47
349,Kobe Brown,IND,61,15.8,-0.86,-0.52,-0.7,-1.07,-0.63,-0.43,0.57,0.06,0.07,-3.52
350,Caleb Love,POR,49,20.7,-0.1,-0.83,-0.04,-0.54,-0.89,0.75,0.05,-1.56,-0.36,-3.52
351,Julian Strawther,DEN,57,15.1,-0.63,-0.96,-0.81,-1.07,-0.89,-0.31,0.95,-0.06,0.25,-3.53
352,Rayan Rupert,MEM,64,16.8,-0.96,-0.56,-0.81,0.26,-0.89,-0.66,0.57,-0.78,0.31,-3.54
353,Ousmane Dieng,MIL,57,19.3,-0.57,-0.43,-0.1,-1.07,-0.38,-0.19,0.05,-0.76,-0.12,-3.56
354,Moussa Cisse,DAL,38,13.9,-1.08,0.69,-1.31,-0.81,1.88,-1.49,0.7,0.57,-2.75,-3.59
355,Ryan Nembhard,DAL,60,19.5,-0.73,-0.87,1.5,-1.07,-1.14,-0.55,-0.08,-0.69,0.03,-3.6
356,Trendon Watford,PHI,53,16.3,-0.75,-0.38,-0.04,-1.34,-0.13,-1.25,0.18,0.4,-0.32,-3.64
357,Jahmai Mashack,MEM,31,21.7,-0.8,-0.7,-0.21,1.06,0.12,-0.78,-0.34,-0.9,-1.11,-3.65
358,E.J. Liddell,BKN,26,13.4,-0.88,-0.65,-0.92,-1.6,-0.13,-0.66,0.95,0.16,0.07,-3.67
359,Hugo González,BOS,74,14.6,-1.18,-0.38,-1.14,-0.54,-0.38,-0.78,1.08,0.1,-0.48,-3.71
360,Garrison Mathews,IND,15,13.1,-0.96,-1.37,-1.03,-1.07,-0.63,-0.19,1.47,-0.48,0.53,-3.74
361,Christian Koloko,ATL,27,13.2,-1.37,-0.52,-1.03,-0.81,1.13,-1.49,0.95,-0.33,-0.3,-3.76
362,Jordan Clarkson,NYK,72,17.8,-0.4,-1.05,-0.7,-1.07,-0.89,-0.31,0.57,-0.25,0.34,-3.77
363,Drake Powell,BKN,63,20.9,-0.75,-1.05,-0.65,-0.54,-0.63,-0.55,0.44,-0.74,0.68,-3.79
364,Mac McClung,CHI,11,12.3,-0.81,-1.46,-0.92,0.53,-0.38,-0.78,0.7,-0.85,0.19,-3.79
365,Zeke Nnaji,DEN,52,12.0,-1.21,-0.7,-1.09,-1.34,0.12,-1.13,1.08,0.07,0.31,-3.88
366,Nolan Traore,BKN,56,22.2,-0.35,-1.05,0.68,-0.01,-0.13,-0.19,-1.25,-1.44,-0.14,-3.89
367,Bogdan Bogdanović,LAC,23,19.7,-0.6,-0.7,-0.21,-1.07,-0.89,0.16,0.18,-0.98,0.16,-3.94
368,Jeremiah Robinson-Earl,DAL,22,16.4,-1.06,0.24,-1.03,-1.07,-1.14,-0.9,1.08,-0.81,0.73,-3.95
369,Asa Newell,ATL,44,11.4,-0.96,-0.87,-1.09,-1.07,-0.38,-0.66,1.08,0.61,-0.63,-3.98
370,PJ Hall,CHA,19,11.2,-1.08,-0.11,-1.14,-1.6,0.12,-1.25,0.7,0.28,0.1,-3.99
371,MarJon Beauchamp,PHI,14,14.0,-0.7,-0.83,-0.81,-0.54,-0.38,-0.19,0.57,-0.27,-0.84,-4.0
372,Josh Green,CHA,58,15.7,-1.11,-1.05,-0.98,-0.54,-0.89,-0.31,0.95,-0.11,0.03,-4.0
373,Johnny Furphy,IND,35,18.4,-0.98,0.11,-0.76,-0.54,-0.63,-0.66,0.7,-0.04,-1.21,-4.02
374,Jalen Pickett,DEN,50,16.1,-0.96,-0.83,-0.15,-1.34,-0.89,-0.31,0.82,-0.31,-0.06,-4.03
375,Josh Okogie,HOU,78,17.4,-1.08,-0.7,-0.92,-0.01,-0.63,-0.55,1.08,-0.36,-0.87,-4.03
376,Guerschon Yabusele,CHI,67,15.0,-0.9,-0.29,-0.92,-1.07,-0.63,-0.31,0.95,-0.6,-0.26,-4.04
377,Ochai Agbaji,BKN,62,15.7,-0.98,-0.83,-0.98,-1.07,-0.38,-0.9,1.08,-0.22,0.22,-4.06
378,Moritz Wagner,ORL,36,11.8,-0.68,-0.43,-0.98,-1.07,-0.89,-0.78,1.08,-0.46,0.14,-4.07
379,Jamaree Bouyea,PHX,46,14.0,-0.88,-1.05,-0.43,-0.54,-0.38,-0.9,0.82,-0.19,-0.54,-4.08
380,Gary Harris,MIL,48,13.8,-1.37,-1.28,-0.81,-0.54,-0.63,-0.78,1.21,-0.07,0.18,-4.09
381,Yanic Konan Niederhäuser,LAC,41,10.3,-1.11,-0.56,-1.25,-1.87,0.62,-1.49,0.95,0.92,-0.32,-4.1
382,Jett Howard,ORL,55,12.6,-0.91,-1.14,-0.98,-1.6,-0.63,-0.31,1.34,-0.51,0.64,-4.11
383,D'Angelo Russell,WAS,26,19.0,-0.14,-0.83,0.79,-0.81,-0.89,0.04,-0.73,-1.13,-0.44,-4.13
384,Noah Penda,ORL,59,12.8,-1.19,-0.43,-0.76,-0.81,-0.38,-0.9,0.82,-0.39,-0.12,-4.14
385,Ron Harper Jr.,BOS,29,10.9,-1.13,-1.1,-0.98,-1.34,-0.38,-0.31,1.34,-0.36,0.09,-4.16
386,Cole Anthony,MIL,35,15.0,-0.71,-0.74,0.51,-0.54,-0.38,-0.78,-0.73,-0.59,-0.21,-4.17
387,Nate Williams,GSW,14,17.1,-0.5,-0.92,-0.87,-1.07,-1.14,-0.43,0.31,0.27,0.16,-4.19
388,Malevy Leons,GSW,25,11.1,-1.28,-0.92,-0.92,-0.54,-0.13,-1.25,1.08,-0.12,-0.12,-4.19
389,Ben Saraf,BKN,44,20.8,-0.58,-0.92,0.4,0.26,-0.63,-1.02,-1.25,-1.06,0.56,-4.24
390,Gary Trent Jr.,MIL,65,21.2,-0.48,-1.41,-0.76,-0.81,-1.14,0.75,0.95,-1.23,-0.12,-4.24
391,Jamal Cain,ORL,40,12.1,-0.93,-0.96,-1.03,-1.34,-0.89,-0.66,1.08,0.22,0.25,-4.25
392,LJ Cryer,GSW,18,16.2,-0.47,-1.14,-0.87,-1.6,-1.14,0.98,0.7,-0.89,0.16,-4.27
393,Sidy Cissoko,POR,75,19.1,-0.98,-0.87,-0.59,-0.27,-0.38,-0.55,0.57,-0.61,-0.6,-4.29
394,Doug McDermott,SAC,29,15.1,-0.88,-1.28,-0.98,-1.6,-0.89,0.51,1.21,-0.69,0.28,-4.32
395,Tyrese Martin,PHI,46,16.9,-0.78,-0.74,-0.48,-0.81,-0.89,-0.08,0.57,-0.82,-0.3,-4.32
396,Gradey Dick,TOR,76,14.0,-0.83,-1.01,-1.03,-0.54,-0.89,-0.66,0.95,-0.58,0.25,-4.33
397,Drew Eubanks,SAC,42,13.1,-0.96,-0.52,-1.14,-1.07,0.37,-1.49,0.82,0.9,-1.26,-4.35
398,Taelon Peter,IND,38,13.0,-1.08,-1.14,-0.81,-0.27,-0.89,-0.19,0.82,-0.73,-0.06,-4.35
399,Nikola Jović,MIA,47,17.2,-0.62,-0.38,-0.21,-0.54,-0.13,-0.31,-0.08,-1.46,-0.62,-4.35
400,Jaden Hardy,WAS,57,15.8,-0.3,-1.19,-0.87,-1.34,-0.89,0.63,0.31,-0.63,-0.08,-4.36
401,Dwight Powell,DAL,63,14.4,-1.28,-0.03,-0.81,-0.81,-0.38,-1.49,0.82,0.48,-0.9,-4.38
402,Aaron Holiday,HOU,57,13.7,-0.91,-1.41,-0.81,-0.81,-0.89,-0.08,0.82,-0.52,0.22,-4.38
403,Cam Thomas,MIL,42,21.0,0.41,-1.1,0.01,-1.6,-0.89,-0.08,-0.6,-1.3,0.7,-4.45
404,Micah Peavy,NOP,61,15.0,-1.11,-1.01,-0.87,-0.27,-0.89,-0.9,1.34,-0.81,0.03,-4.48
405,Tyrese Proctor,CLE,50,10.9,-0.93,-1.28,-0.59,-0.81,-1.14,-0.43,0.7,-0.42,0.4,-4.49
406,Larry Nance Jr.,CLE,35,12.8,-1.21,-0.65,-0.87,-0.54,-0.63,-0.78,0.95,-0.28,-0.48,-4.49
407,Marcus Sasser,DET,38,12.0,-0.96,-1.41,-0.32,-0.81,-0.89,-0.08,0.7,-0.8,0.03,-4.52
408,Jabari Walker,PHI,64,11.9,-1.11,-0.52,-1.14,-1.07,-0.63,-0.9,1.21,-0.1,-0.26,-4.53
409,Dalen Terry,PHI,48,11.5,-1.21,-1.05,-0.65,-0.54,-0.38,-0.9,1.08,-0.2,-0.72,-4.57
410,Gabe Vincent,ATL,53,16.6,-1.09,-1.41,-0.65,-0.81,-0.89,-0.19,1.08,-1.03,0.37,-4.61
411,Nick Richards,CHI,48,14.6,-0.86,0.42,-1.25,-1.6,0.62,-1.37,0.18,0.25,-1.05,-4.67
412,Chris Paul,LAC,16,14.2,-1.34,-1.05,0.4,-0.27,-1.14,-0.78,0.44,-1.06,0.09,-4.72
413,Jeremy Sochan,NYK,44,10.6,-1.23,-0.79,-0.92,-1.07,-0.63,-1.13,1.08,0.27,-0.3,-4.72
414,Tyler Kolek,NYK,62,11.7,-1.09,-1.14,0.07,-1.07,-0.89,-0.66,0.57,-0.35,-0.15,-4.72
415,Caleb Martin,DAL,58,14.8,-1.18,-0.74,-0.65,-0.27,-0.38,-1.13,0.82,-0.1,-1.11,-4.74
416,Tyus Jones,DEN,67,14.6,-1.32,-1.37,-0.1,-0.54,-1.14,-0.78,1.21,-0.88,0.09,-4.82
417,Keaton Wallace,ATL,53,10.1,-1.24,-1.37,-0.43,-0.81,-0.89,-0.66,1.08,-0.4,-0.15,-4.85
418,Jonathan Isaac,ORL,52,10.0,-1.39,-0.74,-1.2,-1.07,0.37,-1.37,1.34,-0.17,-0.69,-4.91
419,Tyler Smith,DAL,12,13.8,-1.04,-0.61,-1.2,-0.81,-1.14,-0.55,1.08,-0.34,-0.39,-4.98
420,Jaylen Clark,MIN,68,13.1,-1.16,-1.05,-1.09,-0.27,-0.89,-0.9,1.34,-0.19,-0.78,-4.99
421,Rasheer Fleming,PHX,55,12.2,-1.11,-0.83,-1.25,-1.07,-0.13,-0.55,1.08,-0.45,-0.72,-5.04
422,Yuki Kawamura,CHI,18,11.6,-1.26,-1.05,0.01,-0.81,-1.14,-0.78,0.7,-0.9,0.16,-5.07
423,Dorian Finney-Smith,HOU,37,16.8,-1.28,-0.74,-0.87,-1.07,-0.63,-0.66,0.95,-0.96,0.18,-5.07
424,Rob Dillingham,CHI,65,14.9,-0.78,-0.96,-0.21,-0.27,-0.89,-0.78,-0.21,-0.9,-0.12,-5.11
425,Kam Jones,IND,37,16.7,-1.09,-1.14,0.35,-0.81,-1.14,-0.78,0.44,-0.7,-0.24,-5.13
426,Tony Bradley,ATL,41,11.0,-1.16,-0.61,-1.14,-1.87,-0.63,-1.49,1.21,0.46,0.07,-5.16
427,Nick Smith Jr.,LAL,30,12.5,-0.8,-1.5,-0.87,-1.34,-0.89,-0.19,0.82,-0.46,0.03,-5.19
428,Carter Bryant,SAS,71,11.5,-1.13,-0.74,-1.03,-1.6,-0.38,-0.66,1.08,-0.47,-0.3,-5.23
429,Jordan Hawkins,NOP,51,13.6,-0.98,-1.1,-0.98,-1.34,-0.63,-0.43,0.82,-1.07,0.46,-5.24
430,Liam McNeeley,CHA,31,11.9,-1.11,-0.79,-0.98,-1.6,-0.89,-0.55,1.21,-0.5,-0.08,-5.28
431,Tre Mann,CHA,53,12.6,-0.91,-1.1,-0.54,-0.81,-0.89,-0.43,0.44,-1.13,0.03,-5.33
432,Terrence Shannon Jr.,MIN,43,12.5,-0.9,-1.37,-0.92,-1.34,-1.14,-0.66,0.95,-0.15,0.19,-5.33
433,Dalton Knecht,LAL,54,10.2,-1.13,-1.23,-1.2,-1.6,-0.63,-0.66,1.21,-0.09,-0.06,-5.39
434,Jalen Wilson,BKN,54,15.9,-0.76,-0.92,-0.92,-1.07,-1.14,-0.31,0.82,-0.77,-0.47,-5.55
435,Amir Coffey,PHX,46,10.7,-1.29,-1.32,-1.09,-1.6,-0.89,-1.02,1.47,0.05,0.13,-5.56
436,Jase Richardson,ORL,54,10.9,-1.09,-1.32,-0.81,-1.07,-1.14,-0.9,1.08,-0.09,-0.45,-5.79
437,KJ Simpson,DEN,20,12.9,-1.06,-1.01,-0.21,-0.01,-1.14,-0.78,0.05,-1.27,-0.45,-5.87
438,Maxi Kleber,LAL,43,10.7,-1.49,-0.96,-1.09,-1.07,-0.38,-1.37,1.21,0.0,-0.72,-5.87
439,RayJ Dennis,ATL,17,12.1,-1.09,-1.19,-0.37,-1.6,-0.63,-0.55,0.44,-1.56,0.46,-6.11
440,Nikola Topić,OKC,10,16.0,-0.96,-1.01,1.01,-0.81,-1.14,-0.78,-1.51,-0.38,-0.82,-6.39
441,Blake Wesley,POR,31,11.6,-1.03,-1.28,-0.32,-0.81,-0.63,-1.13,0.44,-0.15,-1.6,-6.51
